H2,CH4,C2H6,C2H4,C2H2,Type
1458.0,9.0,1812.0,0.0001,0.0001,Partial discharge
2240.0,157.0,90.0,157.0,45.0,Partial discharge
73.0,8.0,4.0,2.0,12.0,Partial discharge
235.0,16.0,0.0001,35.0,0.0001,Partial discharge
9340.0,995.0,60.0,6.0,7.0,Partial discharge
33046.0,619.0,58.0,2.0,0.0001,Partial discharge
8266.0,1061.0,22.0,0.0001,0.0001,Partial discharge
230.0,15.9,16.3,1.9,2.4,Partial discharge
109.0,16.0,0.0001,0.0001,0.0001,Partial discharge
113.0,21.0,48.0,0.0001,4.0,Partial discharge
1309.0,124.0,113.0,6.0,0.0001,Partial discharge
1549.2,10.2,0.0001,53.19,0.0001,Partial discharge
101.0,8.1,0.0001,3.0,0.0001,Partial discharge
36036.0,4704.0,554.0,5.0,10.0,Partial discharge
160.0,10.0,3.0,1.0,1.0,Partial discharge
1076.0,95.0,4.0,71.0,231.0,Partial discharge
407.0,28.0,15.0,21.0,0.0001,Partial discharge
2240.0,560.0,380.0,450.0,940.0,Partial discharge
92600.0,10200.0,1.0,2.0,0.0001,Partial discharge
2587.2,112.25,4.704,1.4,0.0001,Partial discharge
195.9,14.5,11.6,2.4,0.0001,Partial discharge
180.85,0.574,0.234,0.188,0.0001,Partial discharge
4480.0,560.0,380.0,403.0,896.0,Partial discharge
1651.0,90.0,33.0,45.0,2.0,Partial discharge
980.0,73.0,58.0,12.0,0.0001,Partial discharge
6600.0,1000.0,38.0,2.0,19.0,Partial discharge
56.0,61.0,75.0,32.0,31.0,Partial discharge
2240.0,168.0,25.0,0.0001,0.0001,Partial discharge
92600.0,10200.0,0.0001,0.0001,0.0001,Partial discharge
24.3,15.7,6.4,11.2,29.8,Partial discharge
485.0,35.0,29.0,6.0,0.0001,Partial discharge
109.0,4.0,11.0,9.0,0.0001,Partial discharge
16000.0,4000.0,500.0,8500.0,16000.0,Partial discharge
2031.0,149.0,20.0,3.0,0.0001,Partial discharge
870.0,77.0,73.0,54.0,14.0,Partial discharge
106.0,4.0,2.0,1.0,0.0001,Partial discharge
32930.0,2397.0,157.0,0.0001,0.0001,Partial discharge
197.0,12.0,6.6,15.0,0.0001,Partial discharge
117.0,17.0,1.0,3.0,1.0,Partial discharge
160.0,24.7,38.5,0.0001,0.0001,Partial discharge
134.0,13.0,156.0,0.0001,0.0001,Partial discharge
166.0,21.0,38.0,6.0,0.0001,Partial discharge
183.0,6.0,0.0001,5.0,0.0001,Partial discharge
2240.0,157.0,90.0,45.0,45.0,Partial discharge
6454.0,2313.0,121.0,2159.0,6432.0,Spark discharge
240.0,20.0,5.0,28.0,96.0,Spark discharge
65.2,20.0,3.9,8.13,25.1,Spark discharge
143.0,5.8,16.0,10.6,26.3,Spark discharge
30.1,17.1,2.2,5.5,30.1,Spark discharge
120.0,25.0,1.0,8.0,40.0,Spark discharge
137.0,6.0,11.4,6.4,16.5,Spark discharge
23.0,63.0,54.0,10.0,0.3,Spark discharge
4879.0,262.0,15.0,332.0,1827.0,Spark discharge
301.0,5.78,4.7,9.7,5.0,Spark discharge
716.0,7.1,3.3,20.0,6.8,Spark discharge
289.0,13.4,18.2,49.8,36.3,Spark discharge
179.0,29.0,10.0,17.0,33.0,Spark discharge
2177.0,1049.0,207.0,440.0,705.0,Spark discharge
7600.0,1230.0,318.0,836.0,1560.0,Spark discharge
543.0,120.0,41.0,411.0,1880.0,Spark discharge
186.0,38.3,13.0,37.0,85.9,Spark discharge
4.1,3.5,0.68,1.2,5.2,Spark discharge
210.0,22.0,6.0,6.0,7.0,Spark discharge
254.0,5.2,0.0001,9.3,88.0,Spark discharge
385.0,28.8,50.0,82.3,171.0,Spark discharge
843.0,133.0,12.0,168.0,385.0,Spark discharge
208.0,7.6,27.5,9.7,14.4,Spark discharge
65.5,23.3,1.0,2.1,26.0,Spark discharge
35.0,6.0,3.0,26.0,482.0,Spark discharge
3559.0,187.0,22.0,230.0,1140.0,Spark discharge
10092.0,5399.0,530.0,6500.0,37565.0,Spark discharge
1900.0,285.0,31.0,957.0,7730.0,Spark discharge
307.0,22.0,2.0,33.0,109.0,Spark discharge
225.0,4.7,0.0001,8.7,89.0,Spark discharge
78.0,20.0,11.0,13.0,28.0,Spark discharge
266.0,30.2,4.9,26.2,60.2,Spark discharge
645.0,86.0,13.0,110.0,317.0,Spark discharge
119.0,8.0,23.3,7.9,12.3,Spark discharge
57.0,24.0,2.0,27.0,30.0,Spark discharge
14.2,4.0,1.4,1.5,9.51,Spark discharge
818.0,94.0,49.0,121.0,978.0,Spark discharge
115.0,25.5,110.0,12.2,8.6,Spark discharge
205.0,20.0,8.0,0.0001,6.0,Spark discharge
101.72,27.65,7.13,16.92,53.87,Spark discharge
135.0,27.0,24.0,9.0,13.0,Spark discharge
47.5,22.9,4.5,9.6,15.3,Spark discharge
6870.0,1028.0,79.0,900.0,5500.0,Spark discharge
119.0,8.0,20.0,0.0001,21.0,Spark discharge
60.0,10.0,4.0,4.0,4.0,Spark discharge
385.0,60.0,8.0,53.0,159.0,Spark discharge
5.26,0.0001,0.0001,28.2,66.4,Spark discharge
2510.0,202.0,139.0,208.0,1730.0,Spark discharge
650.0,81.0,170.0,51.0,270.0,Spark discharge
153.0,18.0,9.0,0.0001,278.0,Spark discharge
1790.0,580.0,321.0,336.0,619.0,Spark discharge
256.0,8.0,37.4,15.0,21.1,Spark discharge
60.0,10.0,0.0001,11.0,39.0,Spark discharge
151.0,13.5,50.7,5.0,9.2,Spark discharge
9.0,3.9,0.8,4.0,13.0,Spark discharge
274.0,27.0,5.0,33.0,97.0,Spark discharge
305.0,100.0,33.0,161.0,541.0,Spark discharge
176.0,652.9,47.7,75.7,68.7,Spark discharge
87.0,34.0,23.0,15.0,60.0,Arc discharge
220.0,77.0,22.0,170.0,240.0,Arc discharge
274.0,27.0,5.0,33.0,97.0,Arc discharge
155.0,49.0,69.3,42.0,10.7,Arc discharge
137.0,67.0,7.0,53.0,104.0,Arc discharge
63.0,22.0,15.0,11.0,76.0,Arc discharge
292.0,346.0,32.0,313.0,196.0,Arc discharge
217.0,286.0,14.0,458.0,884.0,Arc discharge
13500.0,6110.0,212.0,4510.0,4040.0,Arc discharge
88.5,22.8,108.4,12.0,7.5,Arc discharge
50.0,42.0,98.0,10.0,33.0,Arc discharge
60.0,5.0,2.0,21.0,32.0,Arc discharge
25.0,9.0,6.0,5.0,44.0,Arc discharge
37.9,7.7,2.16,18.4,33.7,Arc discharge
18.34,16.26,3.38,17.95,16.42,Arc discharge
1084.0,188.0,8.0,166.0,769.0,Arc discharge
497.0,230.0,51.0,151.0,122.0,Arc discharge
32.4,5.5,1.4,12.6,13.2,Arc discharge
19.0,12.0,2.0,8.0,63.0,Arc discharge
210.0,43.0,12.0,102.0,187.0,Arc discharge
26.0,68.0,93.0,31.0,59.0,Arc discharge
114.0,41.0,27.0,15.0,42.0,Arc discharge
7150.0,1440.0,97.0,1210.0,1760.0,Arc discharge
8.0,0.0001,0.0001,43.0,101.0,Arc discharge
1607.0,615.0,80.0,916.0,1294.0,Arc discharge
46.0,20.0,14.0,10.0,42.0,Arc discharge
1027.0,185.0,17.0,271.0,399.0,Arc discharge
37.0,11.8,15.5,43.6,83.3,Arc discharge
200.0,48.0,14.0,117.0,131.0,Arc discharge
392.0,153.0,82.0,45.0,236.0,Arc discharge
12.4,6.5,15.3,69.0,15.0,Arc discharge
71.0,151.0,9.0,89.0,412.0,Arc discharge
127.0,24.0,0.0001,32.0,81.0,Arc discharge
800.0,160.0,23.0,260.0,600.0,Arc discharge
212.0,38.0,15.0,47.0,78.0,Arc discharge
8200.0,3790.0,250.0,4620.0,277.0,Arc discharge
2800.0,2800.0,234.0,3500.0,3600.0,Arc discharge
195.7,58.0,16.4,91.6,96.9,Arc discharge
235.0,39.45,9.63,210.0,257.0,Arc discharge
441.0,207.0,43.0,224.0,261.0,Arc discharge
110.0,62.0,90.0,140.0,250.0,Arc discharge
88.0,21.8,79.2,41.2,41.5,Arc discharge
531.0,111.9,22.7,122.5,169.0,Arc discharge
9474.0,4066.0,353.0,6552.0,12997.0,Arc discharge
152.0,116.0,7.0,131.0,414.0,Arc discharge
150.0,130.0,9.0,55.0,30.0,Arc discharge
75.0,15.0,7.0,14.0,250.0,Arc discharge
43.0,19.0,3.0,0.0001,40.0,Arc discharge
1114.0,719.0,188.0,1217.0,699.0,Arc discharge
35.0,11.0,0.0001,7.0,146.0,Arc discharge
629.0,402.0,16.0,298.0,1127.0,Arc discharge
7940.0,2000.0,355.0,3120.0,5390.0,Arc discharge
7020.0,1850.0,0.0001,2960.0,4410.0,Arc discharge
151.0,51.0,16.0,12.0,19.0,Arc discharge
2.0,41.0,133.0,9.0,21.0,Arc discharge
75.5,30.2,2.33,30.3,18.2,Arc discharge
17.0,42.0,192.0,12.0,20.0,Arc discharge
156.0,55.0,103.0,13.0,16.0,Arc discharge
21.0,34.0,5.0,47.0,62.0,Arc discharge
64.0,18.0,1.0,4.0,122.0,Arc discharge
25.0,28.0,27.0,15.0,80.0,Arc discharge
2770.0,660.0,54.0,712.0,763.0,Arc discharge
4419.0,3564.0,668.0,2861.0,2025.0,Arc discharge
1500.0,395.0,28.0,395.0,323.0,Arc discharge
10.0,15.0,0.0001,0.0001,35.0,Arc discharge
1570.0,1110.0,175.0,1780.0,1830.0,Arc discharge
22.0,14.0,19.0,6.0,56.0,Arc discharge
1249.0,370.0,56.0,606.0,1371.0,Arc discharge
1900.0,530.0,35.0,383.0,434.0,Arc discharge
5900.0,1500.0,68.0,1200.0,2300.0,Arc discharge
3700.0,1690.0,128.0,2810.0,3270.0,Arc discharge
75.0,5.0,31.0,69.0,36.0,Arc discharge
323.0,115.0,7.0,130.0,446.0,Arc discharge
127.0,107.0,11.0,154.0,224.0,Arc discharge
3090.0,5020.0,323.0,3800.0,2540.0,Arc discharge
48.0,20.0,69.0,41.0,31.0,Arc discharge
60.0,5.0,2.0,21.0,21.0,Arc discharge
30.0,14.0,1.0,9.0,43.0,Arc discharge
7020.0,1850.0,0.0001,2960.0,4410.0,Arc discharge
1170.0,255.0,18.0,312.0,325.0,Arc discharge
858.0,1324.0,208.0,2793.0,7672.0,Arc discharge
14.3,92.6,83.9,16.7,26.8,Arc discharge
57.0,148.0,197.0,72.0,42.0,Arc discharge
260.0,215.0,35.0,334.0,277.0,Arc discharge
215.0,84.8,87.7,1002.0,212.0,Arc discharge
440.0,89.0,19.0,304.0,757.0,Arc discharge
77.0,36.0,27.0,18.0,76.0,Arc discharge
60.0,85.0,5.0,67.0,227.0,Arc discharge
594.0,230.0,44.0,130.0,102.0,Arc discharge
1820.0,405.0,35.0,365.0,634.0,Arc discharge
123.0,50.7,9.0,62.0,65.9,Arc discharge
90.0,28.0,8.0,31.0,32.0,Arc discharge
26.6,4.0,0.0001,8.0,50.0,Arc discharge
46.0,21.0,1.0,11.0,93.0,Arc discharge
13.0,3.0,1.0,3.0,6.0,Arc discharge
305.0,85.0,25.0,197.0,130.0,Arc discharge
75.0,15.0,7.0,14.0,26.0,Arc discharge
307.0,22.0,2.0,33.0,109.0,Arc discharge
0.0001,21.0,0.0001,0.0001,40.0,Arc discharge
88.0,45.0,57.0,15.0,39.0,Arc discharge
80.0,28.0,4.0,15.0,107.0,Arc discharge
755.0,229.0,32.0,404.0,460.0,Arc discharge
530.0,345.0,85.0,266.0,250.0,Arc discharge
310.0,230.0,54.0,610.0,760.0,Arc discharge
620.0,325.0,38.0,181.0,244.0,Arc discharge
4906.0,8784.0,1404.0,9924.0,9671.0,Arc discharge
85.0,98.0,315.0,30.0,0.0001,Low-temperature overheating
12.0,28.0,102.0,3.0,0.0001,Low-temperature overheating
36.0,167.0,230.0,18.0,0.0001,Low-temperature overheating
24.0,47.0,113.0,10.0,0.0001,Low-temperature overheating
54.9,8.8,80.0,2.5,0.0001,Low-temperature overheating
112.0,68.0,136.0,9.0,0.0001,Low-temperature overheating
7.0,15.0,78.0,58.0,0.0001,Low-temperature overheating
219.0,44.0,3.0,3.0,0.0001,Low-temperature overheating
39.4,65.2,103.9,8.1,0.0001,Low-temperature overheating
95.0,110.0,160.0,50.0,0.0001,Low-temperature overheating
0.0001,153.0,395.0,11.7,0.0001,Low-temperature overheating
121.0,73.0,179.0,11.0,0.0001,Low-temperature overheating
74.0,173.0,263.0,33.0,0.0001,Low-temperature overheating
13.0,59.0,117.0,44.0,0.0001,Low-temperature overheating
13.0,138.0,83.0,16.0,0.0001,Low-temperature overheating
36.0,21.0,65.0,2.0,0.0001,Low-temperature overheating
9.0,56.0,135.0,7.0,1.0,Low-temperature overheating
0.0001,187.0,609.0,13.0,0.0001,Low-temperature overheating
820.0,1740.0,951.0,867.0,128.0,Low-temperature overheating
10.0,56.0,72.0,70.0,0.0001,Low-temperature overheating
12.0,18.0,4.0,4.0,0.0001,Low-temperature overheating
10.0,26.0,147.0,6.0,0.0001,Low-temperature overheating
143.2,123.0,38.0,75.0,0.0001,Low-temperature overheating
18.0,30.0,146.0,8.0,0.0001,Low-temperature overheating
27.0,28.0,136.0,8.0,0.0001,Low-temperature overheating
34.0,8.6,70.3,3.1,0.0001,Low-temperature overheating
113.0,137.0,173.0,34.0,0.0001,Low-temperature overheating
45.0,125.0,111.0,25.0,0.0001,Low-temperature overheating
78.0,66.0,62.0,2.6,0.0001,Low-temperature overheating
55.0,22.0,358.0,2.6,0.0001,Low-temperature overheating
10.0,63.0,176.0,35.0,0.0001,Low-temperature overheating
11.0,271.0,465.0,32.0,0.0001,Low-temperature overheating
34.0,30.0,34.0,2.5,0.0001,Low-temperature overheating
187.0,86.0,155.0,21.0,6.0,Low-temperature overheating
93.5,131.9,39.0,11.7,0.0001,Low-temperature overheating
48.0,40.0,11.0,0.5,0.0001,Low-temperature overheating
124.0,166.0,87.0,59.0,0.0001,Low-temperature overheating
8.0,16.0,88.0,7.0,0.0001,Low-temperature overheating
320.0,131.0,187.0,127.0,0.0001,Low-temperature overheating
92.0,27.0,67.0,7.0,0.0001,Low-temperature overheating
900.0,9180.0,0.0001,900.0,22.0,Low-temperature overheating
6.0,197.0,476.9,16.9,0.0001,Low-temperature overheating
0.0001,215.0,555.0,18.4,0.0001,Low-temperature overheating
78.0,66.0,283.0,2.6,0.0001,Low-temperature overheating
130.0,140.0,24.0,120.0,0.0001,Low-temperature overheating
10.0,24.0,80.0,5.0,0.0001,Low-temperature overheating
0.0001,224.0,0.0001,45.0,0.0001,Low-temperature overheating
19.0,48.0,76.0,18.0,0.0001,Low-temperature overheating
6.0,38.0,93.0,32.0,0.0001,Low-temperature overheating
11.0,46.0,155.0,18.0,0.0001,Low-temperature overheating
27.0,49.0,192.0,9.0,0.0001,Low-temperature overheating
103.0,74.0,80.0,9.0,0.0001,Low-temperature overheating
31.2,8.9,119.0,4.4,0.0001,Low-temperature overheating
0.0001,33.7,136.0,11.4,0.0001,Low-temperature overheating
6.0,3.0,0.8,0.7,0.0001,Low-temperature overheating
181.0,262.0,41.0,28.0,0.0001,Low-temperature overheating
14.0,44.0,124.0,7.0,1.0,Low-temperature overheating
1.0,27.0,49.0,4.0,1.0,Low-temperature overheating
50.0,3.0,1.0,0.0001,0.0001,Low-temperature overheating
21.0,14.0,191.0,90.0,0.0001,Low-temperature overheating
160.0,130.0,33.0,96.0,0.0001,Low-temperature overheating
16.0,68.0,157.0,19.0,0.0001,Low-temperature overheating
122.0,161.0,271.0,35.0,0.0001,Low-temperature overheating
4.0,99.0,82.0,4.2,0.1,Low-temperature overheating
157.0,46.0,76.0,12.0,0.0001,Low-temperature overheating
38.0,38.0,296.0,14.0,0.0001,Low-temperature overheating
24.7,20.4,117.0,71.0,6.8,Low-temperature overheating
74.8,30.1,82.3,13.6,0.0001,Low-temperature overheating
33.0,29.0,9.0,12.0,0.0001,Low-temperature overheating
74.0,100.0,85.0,17.0,0.0001,Low-temperature overheating
5.0,14.0,234.0,5.0,0.0001,Low-temperature overheating
181.0,162.0,70.0,132.0,0.0001,Low-temperature overheating
36.0,94.0,78.0,13.0,2.0,Low-temperature overheating
505.57,475.35,242.3,524.45,3.29,Low-temperature overheating
25.0,49.0,42.0,58.0,0.0001,Middle-temperature overheating
14.0,15.0,42.0,73.0,0.0001,Middle-temperature overheating
180.0,175.0,75.0,50.0,4.0,Middle-temperature overheating
59.0,119.0,36.0,70.0,0.0001,Middle-temperature overheating
185.0,302.0,27.0,33.0,0.0001,Middle-temperature overheating
1270.0,3450.0,520.0,1390.0,8.0,Middle-temperature overheating
119.0,670.0,286.0,934.0,19.0,Middle-temperature overheating
72.0,442.0,221.0,461.0,0.7,Middle-temperature overheating
16.0,98.0,35.0,64.0,0.0001,Middle-temperature overheating
41.0,65.0,22.0,58.0,0.0001,Middle-temperature overheating
110.6,458.8,242.6,406.4,0.0001,Middle-temperature overheating
200.0,700.0,250.0,740.0,1.0,Middle-temperature overheating
15.0,159.0,29.0,87.0,0.0001,Middle-temperature overheating
18.0,63.0,20.0,51.0,0.0001,Middle-temperature overheating
54.0,143.0,23.0,101.0,0.0001,Middle-temperature overheating
43.0,116.0,65.0,139.0,0.0001,Middle-temperature overheating
73.0,177.0,37.0,52.0,0.0001,Middle-temperature overheating
57.0,141.0,38.0,51.0,0.0001,Middle-temperature overheating
15.0,139.0,160.0,343.0,0.0001,Middle-temperature overheating
23.51,61.33,45.21,98.03,1.01,Middle-temperature overheating
2.0,123.0,7.0,18.0,0.0001,Middle-temperature overheating
24.0,80.0,258.0,741.0,6.0,Middle-temperature overheating
613.0,3240.0,1432.0,2788.0,0.0001,Middle-temperature overheating
109.0,226.0,68.0,192.0,0.0001,Middle-temperature overheating
35.0,283.0,121.0,222.0,0.0001,Middle-temperature overheating
2.0,5.0,81.0,172.0,0.0001,Middle-temperature overheating
30.4,117.0,44.2,138.0,0.1,Middle-temperature overheating
0.0001,6.0,52.0,67.0,0.0001,Middle-temperature overheating
2004.0,9739.0,2750.0,5113.0,0.0001,Middle-temperature overheating
31.0,63.0,246.0,714.0,7.0,Middle-temperature overheating
26.0,398.0,85.0,319.0,0.0001,Middle-temperature overheating
152.0,32.0,28.0,55.0,0.0001,Middle-temperature overheating
300.0,490.0,180.0,360.0,95.0,Middle-temperature overheating
960.0,4000.0,1290.0,1560.0,6.0,Middle-temperature overheating
0.67,0.224,0.045,0.067,0.002,Middle-temperature overheating
0.0001,4.9,81.0,172.0,0.0001,Middle-temperature overheating
24.0,34.6,14.2,21.7,0.0001,Middle-temperature overheating
220.0,340.0,42.0,480.0,14.0,High-temperature overheating
290.0,966.0,299.0,1810.0,57.0,High-temperature overheating
8800.0,64064.0,72128.0,95650.0,0.0001,High-temperature overheating
39.0,525.0,538.0,2925.0,16.0,High-temperature overheating
290.0,1260.0,231.0,820.0,8.0,High-temperature overheating
0.0001,153.0,130.0,677.0,13.0,High-temperature overheating
15.55,7.4,7.4,41.93,6.35,High-temperature overheating
35.1,50.6,16.1,93.0,1.1,High-temperature overheating
0.0001,28.0,64.0,408.0,6.0,High-temperature overheating
156.0,240.0,54.0,399.0,0.98,High-temperature overheating
89.0,281.0,145.0,1216.0,22.0,High-temperature overheating
1100.0,1600.0,221.0,2010.0,26.0,High-temperature overheating
0.0001,0.0001,9.0,57.0,0.0001,High-temperature overheating
137.0,369.0,144.0,1242.0,16.0,High-temperature overheating
425.0,17424.0,7299.0,37043.0,158.0,High-temperature overheating
30.0,25.5,31.5,93.0,1.8,High-temperature overheating
107.0,143.0,34.0,222.0,2.0,High-temperature overheating
860.0,1670.0,30.0,2050.0,40.0,High-temperature overheating
0.0001,106.0,170.0,871.0,6.0,High-temperature overheating
8.0,1.0,0.0001,60.0,0.0001,High-temperature overheating
53.0,150.0,64.0,379.0,0.0001,High-temperature overheating
400.0,940.0,210.0,820.0,24.0,High-temperature overheating
199.0,770.0,217.0,1508.0,72.0,High-temperature overheating
244.0,754.0,172.0,1281.0,27.0,High-temperature overheating
60.0,144.0,67.0,449.0,9.0,High-temperature overheating
6709.0,10500.0,1400.0,17700.0,750.0,High-temperature overheating
86.0,277.0,63.0,338.0,0.0001,High-temperature overheating
7.0,31.0,23.0,148.0,0.0001,High-temperature overheating
300.0,700.0,280.0,1700.0,36.0,High-temperature overheating
20.0,26.0,6.0,55.0,0.0001,High-temperature overheating
3910.0,4290.0,626.0,6040.0,1230.0,High-temperature overheating
23.0,14151.0,5332.0,23264.0,0.0001,High-temperature overheating
135.65,278.53,58.86,492.0,2.95,High-temperature overheating
9.0,47.0,144.0,628.0,0.0001,High-temperature overheating
8.0,88.0,45.0,252.0,0.0001,High-temperature overheating
179.0,306.0,73.0,579.0,0.0001,High-temperature overheating
80.0,619.0,326.0,2480.0,0.0001,High-temperature overheating
416.0,695.0,74.0,867.0,0.0001,High-temperature overheating
19.3,103.0,159.0,19.0,0.6,High-temperature overheating
137.0,279.0,66.0,505.0,0.0001,High-temperature overheating
12705.0,23498.0,6047.0,34257.0,5188.0,High-temperature overheating
46.0,147.0,27.0,150.0,0.0001,High-temperature overheating
21.0,42.0,4.0,92.0,0.0001,High-temperature overheating
165.62,240.95,61.32,514.53,13.53,High-temperature overheating
39.0,7.0,12.0,65.0,0.0001,High-temperature overheating
86.0,480.0,155.0,644.0,9.0,High-temperature overheating
68.0,99.2,35.9,202.9,0.0001,High-temperature overheating
172.9,334.0,172.0,812.5,37.7,High-temperature overheating
164.0,244.0,103.0,497.0,8.3,High-temperature overheating
20.0,48.0,36.0,186.0,0.0001,High-temperature overheating
0.0001,0.0001,0.0001,142.0,0.0001,High-temperature overheating
63.0,149.6,57.5,276.0,0.0001,High-temperature overheating
121.0,450.0,146.0,898.0,116.0,High-temperature overheating
30.0,51.0,12.0,54.0,0.0001,High-temperature overheating
22400.0,22400.0,2690.0,13440.0,1570.0,High-temperature overheating
36.0,30.0,10.0,93.0,7.1,High-temperature overheating
17.0,40.0,11.0,86.0,0.0001,High-temperature overheating
0.0001,3.4,0.0001,54.0,0.0001,High-temperature overheating
18.0,35.0,2.0,110.0,0.0001,High-temperature overheating
35.0,29.0,7.0,78.0,0.0001,High-temperature overheating
6.0,2990.0,29990.0,26076.0,67.0,High-temperature overheating
236.0,410.2,159.0,817.3,3.5,High-temperature overheating
0.0001,100.0,309.0,1365.0,7.0,High-temperature overheating
173.0,334.0,172.0,812.5,37.7,High-temperature overheating
110.0,7.0,0.0001,0.0001,0.0001,Partial discharge
240.0,20.0,5.0,28.0,96.0,Partial discharge
5000.0,4000.0,2000.0,2000.0,8000.0,Partial discharge
94.96,4.37,0.62,0.02,0.02,Partial discharge
41.0,112.0,0.0001,254.0,4536.0,Partial discharge
100.0,18.0,0.0001,0.0001,0.0001,Partial discharge
37800.0,1740.0,249.0,8.0,8.0,Partial discharge
103.5,4.7,16.3,3.5,0.0001,Partial discharge
200.0,230.0,2.0,170.0,480.0,Partial discharge
40280.0,1069.0,1060.0,1.0,1.0,Partial discharge
116.0,14.0,134.0,5.3,0.0001,Partial discharge
88.0,9.0,0.0001,0.03,0.0001,Partial discharge
105.0,23.0,13.0,4.0,3.0,Partial discharge
625.0,49.0,9.0,7.0,0.6,Partial discharge
134.0,13.0,267.0,0.0001,0.0001,Partial discharge
181.5,22.0,76.0,3.7,0.0001,Partial discharge
121.0,3.0,1.0,0.0001,0.0001,Partial discharge
16000.0,3600.0,670.0,14.0,0.0001,Partial discharge
890.0,110.0,3.0,84.0,700.0,Partial discharge
2091.0,149.0,20.0,3.0,0.0001,Partial discharge
26788.0,18342.0,2111.0,27.0,0.0001,Partial discharge
1950.0,123.0,38.0,2.0,2.0,Partial discharge
650.0,53.0,35.0,20.0,0.0001,Partial discharge
92.8,6.75,0.44,0.0001,0.0001,Partial discharge
187.0,5.0,1.0,0.0001,0.0001,Partial discharge
111.7,19.4,104.1,6.4,3.8,Partial discharge
85.87,7.01,4.49,2.64,0.0001,Partial discharge
195.0,5.3,0.0001,0.0001,0.0001,Partial discharge
60.0,5.0,1.0,6.0,29.0,Partial discharge
2240.0,360.0,25.0,169.0,828.0,Partial discharge
720.0,7.0,0.0001,15.0,101.0,Spark discharge
109.0,19.0,5.0,12.0,59.0,Spark discharge
8.0,0.0001,0.0001,43.0,101.0,Spark discharge
169.0,38.0,48.5,6.5,5.8,Spark discharge
14.1,4.0,1.3,1.5,9.5,Spark discharge
124.0,14.0,4.0,0.0001,13.0,Spark discharge
174.0,27.0,6.0,12.0,29.0,Spark discharge
179.0,39.3,64.0,654.0,168.0,Spark discharge
160.0,10.0,3.0,1.0,1.0,Spark discharge
4.0,1.0,2.0,7.0,52.0,Spark discharge
1330.0,10.0,20.0,66.0,182.0,Spark discharge
137.0,33.0,8.0,29.0,111.0,Spark discharge
595.0,32.0,4.0,18.0,65.0,Spark discharge
56.0,334.1,75.0,32.0,31.0,Spark discharge
716.0,7.1,33.0,20.0,6.8,Spark discharge
4230.0,690.0,5.0,196.0,1180.0,Spark discharge
142.0,17.0,4.0,7.0,38.0,Spark discharge
163.0,26.0,7.0,19.0,133.0,Spark discharge
549.0,121.3,25.5,31.9,198.5,Spark discharge
476.0,28.0,27.0,36.0,148.0,Spark discharge
345.0,112.3,27.5,51.5,58.8,Spark discharge
234.5,30.28,6.11,47.69,175.88,Spark discharge
153.0,18.0,9.0,0.0001,11.0,Spark discharge
1230.0,163.0,27.0,233.0,692.0,Spark discharge
111.0,2.8,47.0,0.0001,27.5,Spark discharge
500.0,97.0,193.0,40.0,121.0,Spark discharge
1000.0,500.0,1.0,400.0,500.0,Spark discharge
595.0,80.0,9.0,89.0,244.0,Spark discharge
102.0,6.0,6.0,7.0,10.0,Spark discharge
315.0,60.0,14.0,93.0,218.0,Spark discharge
67.8,8.89,1.88,12.67,36.2,Spark discharge
95.0,10.0,0.0001,11.0,39.0,Spark discharge
4127.0,267.0,18.0,355.0,2060.0,Spark discharge
1570.0,735.0,87.0,1330.0,1740.0,Arc discharge
800.0,1393.0,304.0,2817.0,3000.0,Arc discharge
29.1,11.4,1.41,20.34,37.6,Arc discharge
245.0,120.0,18.0,131.0,167.0,Arc discharge
61.0,21.0,2.0,26.0,89.0,Arc discharge
99.0,170.0,20.0,200.0,190.0,Arc discharge
243.0,127.0,20.0,122.0,588.0,Arc discharge
2850.0,1115.0,138.0,1987.0,3675.0,Arc discharge
512.0,87.0,11.5,163.59,185.21,Arc discharge
235.46,333.59,177.52,1201.85,148.87,Arc discharge
120.0,31.0,0.0001,66.0,94.0,Arc discharge
615.0,200.0,42.0,102.0,68.0,Arc discharge
24.0,13.0,5.0,43.0,319.0,Arc discharge
56.0,10.0,1.3,13.5,17.6,Arc discharge
85.0,49.0,4.0,50.0,399.0,Arc discharge
5900.0,1500.0,68.0,1200.0,800.0,Arc discharge
34.0,21.0,4.0,49.0,56.0,Arc discharge
475.3,195.8,32.6,187.3,221.2,Arc discharge
191.0,62.0,27.0,123.0,71.0,Arc discharge
8200.0,3790.0,250.0,4620.0,5830.0,Arc discharge
0.0001,0.0001,10.0,5.0,35.0,Arc discharge
530.0,345.0,85.0,266.0,21.0,Arc discharge
4.0,88.0,213.0,14.0,35.0,Arc discharge
59.0,20.0,120.0,5.5,8.9,Arc discharge
810.0,580.0,111.0,570.0,490.0,Arc discharge
65.4,20.2,70.0,39.0,40.2,Arc discharge
60.0,40.0,6.9,110.0,70.0,Arc discharge
84.0,6.0,1.0,14.0,86.0,Arc discharge
145.88,40.65,9.37,34.02,59.71,Arc discharge
5000.0,1200.0,83.0,1000.0,1100.0,Arc discharge
20000.0,13000.0,1850.0,29000.0,57000.0,Arc discharge
10000.0,6730.0,345.0,7330.0,10400.0,Arc discharge
420.0,250.0,41.0,530.0,800.0,Arc discharge
70.0,4.0,91.0,0.0001,34.0,Arc discharge
47.0,9.0,4.0,16.0,81.0,Arc discharge
120.0,31.0,0.0001,66.0,94.0,Arc discharge
5100.0,1430.0,0.0001,1140.0,1010.0,Arc discharge
535.0,160.0,16.0,305.0,680.0,Arc discharge
41.0,16.0,19.0,58.0,106.0,Arc discharge
65.0,26.1,10.1,41.6,57.8,Arc discharge
545.0,130.0,16.0,153.0,239.0,Arc discharge
34.0,0.0001,0.0001,0.0001,44.0,Arc discharge
57.0,15.0,3.1,23.0,25.3,Arc discharge
161.0,38.0,210.0,13.0,0.0001,Low-temperature overheating
9.0,38.0,93.0,8.0,0.0001,Low-temperature overheating
55.0,22.0,0.5,2.6,0.0001,Low-temperature overheating
15.0,7.0,92.0,5.0,0.0001,Low-temperature overheating
14.0,14.0,124.0,7.0,1.0,Low-temperature overheating
625.0,130.0,47.0,2.0,0.0001,Low-temperature overheating
29.0,71.0,158.0,20.0,0.0001,Low-temperature overheating
17.0,21.0,118.0,0.0001,4.0,Low-temperature overheating
115.0,129.0,316.0,36.0,0.0001,Low-temperature overheating
13.2,18.7,97.4,79.5,4.7,Low-temperature overheating
10.0,44.0,106.0,28.0,0.0001,Low-temperature overheating
27.0,30.0,23.0,2.4,0.1,Low-temperature overheating
20.0,132.0,61.0,17.0,0.0001,Low-temperature overheating
42.0,124.0,1.0,8.0,0.0001,Low-temperature overheating
24.0,109.0,69.0,0.0001,0.0001,Low-temperature overheating
16.0,68.0,124.0,15.0,0.0001,Low-temperature overheating
16.4,45.5,68.7,3.8,0.0001,Low-temperature overheating
37.0,47.0,10.0,5.5,0.0001,Low-temperature overheating
86.0,8.0,2.5,2.5,0.0001,Low-temperature overheating
29.9,24.1,34.3,92.5,0.6,Low-temperature overheating
16.0,80.0,134.0,10.0,0.0001,Low-temperature overheating
66.0,60.0,2.0,7.0,0.0001,Low-temperature overheating
0.0001,43.0,146.0,9.0,0.0001,Low-temperature overheating
87.2,73.18,27.14,56.88,0.0001,Low-temperature overheating
128.0,35.0,213.0,17.0,0.0001,Low-temperature overheating
14.0,62.0,16.0,3.0,0.0001,Low-temperature overheating
37.0,123.0,67.0,52.0,0.0001,Low-temperature overheating
130.0,140.0,2.0,120.0,0.0001,Low-temperature overheating
43.0,28.0,72.0,9.0,0.0001,Low-temperature overheating
16.0,105.0,224.0,15.0,0.0001,Low-temperature overheating
19.0,62.0,95.0,5.0,0.0001,Low-temperature overheating
79.0,40.0,264.0,10.0,0.0001,Low-temperature overheating
69.0,174.0,267.0,15.0,0.0001,Low-temperature overheating
137.0,97.0,12.0,29.0,1.5,Low-temperature overheating
111.0,67.0,105.0,9.0,0.0001,Low-temperature overheating
0.0001,116.0,70.0,0.0001,0.0001,Low-temperature overheating
25.0,29.0,137.0,8.0,0.0001,Low-temperature overheating
20.37,59.79,45.24,80.49,0.0001,Middle-temperature overheating
19.0,47.0,27.0,62.0,0.0001,Middle-temperature overheating
88.7,460.8,94.9,184.6,18.3,Middle-temperature overheating
24.0,78.0,266.0,779.0,7.0,Middle-temperature overheating
0.7,1.5,0.3,1.8,0.0001,Middle-temperature overheating
360.0,610.0,259.0,260.0,9.0,Middle-temperature overheating
31.0,56.0,33.0,77.0,0.0001,Middle-temperature overheating
24700.0,61000.0,26300.0,42100.0,1560.0,Middle-temperature overheating
62.0,425.0,276.0,651.0,26.0,Middle-temperature overheating
295.0,1466.0,331.0,1295.0,32.0,Middle-temperature overheating
109.0,102.0,28.0,91.0,0.0001,Middle-temperature overheating
47.0,120.0,90.0,198.0,3.0,Middle-temperature overheating
144.0,1672.0,394.0,669.0,0.0001,Middle-temperature overheating
3.0,5.0,90.0,185.0,3.0,Middle-temperature overheating
20.0,41.9,20.2,44.2,0.38,Middle-temperature overheating
50.0,274.0,95.0,320.0,6.3,Middle-temperature overheating
151.0,242.0,68.0,232.0,0.0001,Middle-temperature overheating
46.9,161.6,94.1,193.6,0.56,Middle-temperature overheating
37.0,96.0,19.0,57.0,0.0001,Middle-temperature overheating
670.0,224.0,45.0,67.0,2.0,Middle-temperature overheating
27.0,90.0,42.0,63.0,0.2,Middle-temperature overheating
128.0,419.0,269.5,614.1,0.35,Middle-temperature overheating
160.0,130.0,33.0,96.0,0.1,Middle-temperature overheating
172.0,335.0,171.0,812.0,37.8,High-temperature overheating
1.0,8.0,8.0,100.0,6.0,High-temperature overheating
507.0,1053.0,297.0,1440.0,17.0,High-temperature overheating
24.0,20.0,4.0,87.0,0.0001,High-temperature overheating
65.0,34.0,16.0,112.0,0.0001,High-temperature overheating
4.0,2.0,1.0,63.0,0.0001,High-temperature overheating
114.0,241.0,80.0,574.0,0.0001,High-temperature overheating
117.0,167.0,48.0,481.0,7.0,High-temperature overheating
11.0,13.0,2.0,127.0,0.0001,High-temperature overheating
55.0,159.0,114.0,493.0,0.0001,High-temperature overheating
1550.0,2740.0,816.0,5450.0,184.0,High-temperature overheating
78.0,161.0,86.0,353.0,10.0,High-temperature overheating
33.0,79.0,30.0,215.0,5.0,High-temperature overheating
170.0,320.0,53.0,520.0,3.2,High-temperature overheating
10.0,4.0,1.0,87.0,0.0001,High-temperature overheating
2500.0,10500.0,4790.0,13500.0,6.0,High-temperature overheating
56.0,286.0,96.0,928.0,7.0,High-temperature overheating
53.0,189.0,25.0,295.0,5.0,High-temperature overheating
0.0001,10.0,17.0,68.0,5.0,High-temperature overheating
150.0,22.0,9.0,60.0,11.0,High-temperature overheating
99.0,288.0,73.0,386.0,0.0001,High-temperature overheating
27.0,51.0,0.0001,153.0,0.0001,High-temperature overheating
480.0,1075.0,298.0,1132.0,0.0001,High-temperature overheating
376.0,575.0,146.0,1092.0,0.0001,High-temperature overheating
100.0,200.0,110.0,670.0,11.0,High-temperature overheating
231.0,3997.0,1726.0,5584.0,0.0001,High-temperature overheating
12.0,270.0,0.0001,275.0,0.0001,High-temperature overheating
8.47,28.22,8.73,52.89,1.66,High-temperature overheating
1860.0,4980.0,0.0001,10700.0,1600.0,High-temperature overheating
28.0,62.0,16.0,76.0,0.0001,High-temperature overheating
22.4,22.4,2.69,13.44,1.57,High-temperature overheating
191.0,1359.0,166.0,1494.0,2.0,High-temperature overheating
50.0,100.0,51.0,305.0,9.0,High-temperature overheating
3420.0,7870.0,1500.0,6990.0,33.0,High-temperature overheating
65.0,61.0,16.0,143.0,3.0,High-temperature overheating
16.0,87.0,75.0,395.0,30.0,High-temperature overheating
1374.0,2648.0,628.0,5376.0,298.0,High-temperature overheating
135.88,362.42,125.22,826.65,3.74,High-temperature overheating
34.0,174.0,52.0,361.0,0.0001,High-temperature overheating
3675.0,6392.0,2500.0,7691.0,5.0,High-temperature overheating
18.0,21.0,12.0,6.0,2.0,Middle-temperature overheating
9.25,96.88,446.52,84.25,0.0,High-temperature overheating
24.16,261.05,201.4,196.0,0.87,Middle-temperature overheating
170.0,300.0,580.0,44.0,8.9,High-temperature overheating
72.0,442.0,461.0,221.0,0.7,Middle-temperature overheating
1308.0,125.0,6.0,112.0,0.0,Spark discharge
32.4,5.5,12.6,1.4,13.2,Arc discharge
68.0,8.0,8.0,3.0,11.0,Spark discharge
19.0,10.0,9.5,7.9,8.5,Spark discharge
45.0,168.0,330.0,82.0,3.1,High-temperature overheating
50.11,15.97,45.37,4.66,12.3,Arc discharge
345.0,112.3,51.5,27.5,58.58,Arc discharge
336.0,419.0,1074.0,105.0,21.0,High-temperature overheating
6.9,80.6,351.0,47.4,4.9,High-temperature overheating
18.0,21.0,12.0,6.0,2.0,Middle-temperature overheating
112.0,93.3,123.6,132.0,0.5,Normal
143.0,305.0,721.0,78.0,2.0,High-temperature overheating
7.8,111.0,701.0,129.0,2.8,High-temperature overheating
23.0,61.0,153.0,14.0,4.4,Middle-temperature overheating
166.6,28.7,12.4,6.72,0.7,Middle-temperature overheating
14.67,3.68,2.71,10.54,0.2,Normal
12.0,12.0,12.0,12.0,12.0,Middle-temperature overheating
11.0,31.0,52.0,26.0,0.0,Middle-temperature overheating
4683.0,148.0,1364.0,44.7,12078.0,Arc discharge
345.0,112.3,51.5,27.5,58.8,Spark discharge
345.0,112.25,51.5,27.5,345.0,Spark discharge
6.17,116.06,488.86,92.57,0.0,High-temperature overheating
18.0,135.0,208.0,59.0,0.0,High-temperature overheating
29.0,7.52,14.8,5.5,5.4,Arc discharge
44.3,17.3,23.3,3.6,10.4,Arc discharge
181.0,316.0,593.0,115.0,2.0,High-temperature overheating
49.1,12.2,3.9,0.3,4.8,Spark discharge
121.0,14.0,29.0,3.0,74.0,Arc discharge
60.0,40.0,110.0,9.9,70.0,Arc discharge
279.0,487.0,708.0,109.0,4.4,High-temperature overheating
16.99,185.09,699.2,125.14,0.0,High-temperature overheating
32.2,5.5,12.6,1.4,13.2,Spark discharge
44.6,63.2,129.0,20.1,0.66,High-temperature overheating
74.8,482.0,1409.0,297.0,7.5,High-temperature overheating
15.91,191.46,734.87,132.1,0.0,High-temperature overheating
9.0,16.7,85.3,9.9,3.4,Middle-temperature overheating
181.0,262.0,528.0,210.0,0.0,Middle-temperature overheating
14.67,3.68,2.71,10.54,0.2,Normal
160.0,130.0,96.0,33.0,0.0,Low-temperature overheating
17.04,192.37,733.63,132.09,0.0,High-temperature overheating
217.5,40.0,51.8,4.9,67.5,Arc discharge
82.0,161.0,406.0,79.0,8.9,High-temperature overheating
345.0,112.25,51.5,27.5,58.75,Spark discharge
207.0,416.0,1345.0,347.0,20.0,High-temperature overheating
29.9,34.6,70.0,5.6,1.2,Middle-temperature overheating
10.48,148.49,576.66,105.45,0.0,High-temperature overheating
21.0,7.6,96.3,4.7,26.73,Arc discharge
334.0,39.9,5.4,47.8,247.6,Arc discharge
65.0,26.1,41.6,10.1,57.8,Arc discharge
4.32,193.0,125.0,118.0,0.0,Middle-temperature overheating
49.0,41.6,124.0,25.1,15.7,Arc discharge
236.0,410.2,817.3,159.0,3.5,High-temperature overheating
207.06,21.08,67.34,4.28,141.93,Arc discharge
24.2,3.2,16.6,3.7,101.0,Spark discharge
64.0,22.0,51.7,20.7,95.1,Arc discharge
120.0,120.0,84.0,33.0,0.6,Low-temperature overheating
35.2,2.6,5.3,1.9,18.3,Spark discharge
6709.0,10500.0,17700.0,1400.0,750.0,High-temperature overheating
69.0,212.0,692.0,135.0,3.9,High-temperature overheating
2054.0,370.0,535.0,26.0,805.0,Arc discharge
56.0,78.0,173.0,18.0,0.0,Low-temperature overheating
7.5,5.7,2.6,3.4,3.2,Normal
63.0,0.29,3.64,0.59,16.8,Spark discharge
730.0,750.0,1300.0,190.0,7.0,Arc discharge
30.0,7.4,1.8,8.5,19.0,Spark discharge
46.1,21.5,15.8,61.5,1.2,Normal
12.0,290.0,355.0,144.0,0.0,Middle-temperature overheating
45.0,15.0,19.0,1.0,18.0,Spark discharge
23.0,23.0,23.0,23.0,23.0,Partial discharge
158.0,71.0,146.0,1.3,685.0,Arc discharge
3.51,61.0,98.03,45.21,0.01,Middle-temperature overheating
26788.0,18342.0,27.0,2111.0,0.0,Partial discharge
54.0,7.0,8.6,7.4,5.4,Spark discharge
36.0,30.0,93.0,10.0,7.1,High-temperature overheating
100.0,94.0,304.0,22.0,118.0,Arc discharge
21.0,21.0,21.0,12.0,21.0,Normal
18.0,20.0,12.0,6.0,2.0,Partial discharge
15.0,12.0,3.2,5.3,0.2,Normal
21.0,21.0,21.0,21.0,21.0,Normal
80.0,243.0,1348.0,274.0,8.4,High-temperature overheating
225.5,17.6,3.0,8.4,0.0,Partial discharge
179.0,413.0,544.0,27.0,473.0,Arc discharge
57.0,77.0,21.0,19.0,0.0,Low-temperature overheating
50.0,90.0,260.0,18.0,5.9,High-temperature overheating
83.0,35.0,86.0,4.9,5.1,Middle-temperature overheating
81.0,130.0,230.0,74.0,2.9,High-temperature overheating
120.0,120.0,84.0,33.0,0.55,Low-temperature overheating
6.3,7.87,3.03,6.97,11.1,Arc discharge
90.0,160.0,330.0,54.0,29.0,High-temperature overheating
4430.0,941.0,2475.0,76.0,55585.0,Arc discharge
170.0,330.0,430.0,77.0,13.0,High-temperature overheating
4072.0,15850.0,22621.0,9057.0,535.0,Middle-temperature overheating
1565.0,93.0,47.0,34.0,0.0,Partial discharge
5.4,13.7,11.6,4.2,0.0,Normal
160.0,130.0,96.0,33.0,0.0,Middle-temperature overheating
437.0,27.2,34.9,22.5,30.2,Arc discharge
246.0,432.0,674.0,141.0,7.2,High-temperature overheating
56.4,42.7,1413.0,167.0,17.1,High-temperature overheating
300.44,42.14,43.18,3.25,64.71,Arc discharge
42.0,97.0,600.0,157.0,0.0,High-temperature overheating
35.1,6.0,93.0,16.1,1.1,High-temperature overheating
51.1,7.1,5.9,1.7,9.2,Spark discharge
155.0,581.0,293.0,215.0,142.0,High-temperature overheating
477.0,566.0,239.0,734.0,116.0,High-temperature overheating
117.0,5.8,15.9,7.0,12.8,Arc discharge
4683.0,148.0,44.7,1364.0,12078.0,Arc discharge
52.5,32.9,9.73,79.3,9.8,Spark discharge
421.0,135.0,27.7,351.0,374.0,Arc discharge
56.4,42.7,167.0,1413.0,17.1,High-temperature overheating
74.8,482.0,297.0,1409.0,7.5,High-temperature overheating
6.0,0.5,0.29,1.87,7.42,Spark discharge
63.0,0.29,0.59,3.64,16.8,Spark discharge
22.5,8.5,1.2,7.3,8.4,Spark discharge
31.0,6.6,4.7,19.0,67.0,Spark discharge
32.2,5.5,1.4,12.6,13.2,Spark discharge
3.3,1.1,0.9,3.1,3.3,Spark discharge
45.0,15.0,1.0,19.0,18.0,Spark discharge
71.6,20.2,2.7,34.6,44.2,Arc discharge
72.0,116.0,36.0,70.0,19.0,Arc discharge
7.8,111.0,129.0,701.0,2.8,High-temperature overheating
58.0,103.0,51.0,251.0,6.0,High-temperature overheating
316.0,36.1,37.3,109.0,440.0,Spark discharge
49.0,41.6,25.1,124.0,15.7,Arc discharge
21.0,7.6,4.7,96.3,26.73,Arc discharge
65.0,26.1,10.1,41.6,57.8,Arc discharge
64.0,22.0,20.7,51.7,95.1,Arc discharge
150.0,80.0,235.0,105.0,35.0,Arc discharge
80.0,243.0,274.0,1348.0,8.4,High-temperature overheating
158.0,71.0,1.3,146.0,685.0,Arc discharge
24.2,3.2,3.7,16.6,101.0,Spark discharge
35.2,2.6,1.9,5.3,18.3,Spark discharge
294.0,27.4,5.6,52.6,338.0,Arc discharge
437.0,27.2,22.5,34.9,30.2,Arc discharge
2054.0,370.0,26.0,535.0,805.0,Arc discharge
136.0,140.0,59.0,582.0,140.0,Arc discharge
4430.0,941.0,76.0,2475.0,55585.0,Arc discharge
179.0,413.0,27.0,544.0,473.0,Arc discharge
143.0,305.0,78.0,721.0,2.0,High-temperature overheating
170.0,300.0,44.0,580.0,8.9,High-temperature overheating
180.0,340.0,52.0,6303.0,10.0,High-temperature overheating
17.0,21.0,11.0,145.0,4.1,High-temperature overheating
60.0,40.0,9.9,110.0,70.0,Arc discharge
90.0,160.0,54.0,330.0,29.0,High-temperature overheating
250.0,63.0,2.8,66.0,120.0,Arc discharge
44.6,63.2,20.1,129.0,0.66,High-temperature overheating
246.0,432.0,141.0,674.0,7.2,High-temperature overheating
4.1,3.5,0.68,1.2,5.2,Spark discharge
56.0,144.0,36.0,164.0,1.8,High-temperature overheating
69.0,212.0,135.0,692.0,3.9,High-temperature overheating
82.0,161.0,79.0,406.0,8.9,High-temperature overheating
34.0,60.0,11.0,123.0,6.0,Spark discharge
96.0,13.7,3.8,35.6,5.4,Spark discharge
181.0,316.0,115.0,593.0,2.0,High-temperature overheating
190.0,450.0,240.0,850.0,0.6,Arc discharge
12.0,14.6,7.2,14.4,0.98,Spark discharge
11.9,12.4,5.9,13.6,1.03,Spark discharge
49.1,12.2,0.3,3.9,4.8,Spark discharge
46.7,8.2,1.8,5.1,4.1,Spark discharge
53.9,8.3,1.1,6.0,7.1,Spark discharge
51.1,7.1,1.7,5.9,9.2,Spark discharge
81.0,130.0,74.0,230.0,2.9,High-temperature overheating
170.0,330.0,77.0,430.0,13.0,High-temperature overheating
50.0,90.0,18.0,260.0,5.9,High-temperature overheating
29.0,7.52,5.5,14.8,5.4,Arc discharge
6.3,7.87,6.97,3.03,11.1,Arc discharge
413.0,6.8,40.4,4.6,8.15,Arc discharge
23.4,14.3,7.12,9.71,3.44,Arc discharge
76.0,202.0,275.0,3216.0,16.0,High-temperature overheating
87.0,500.0,26.0,520.0,9.0,High-temperature overheating
410.0,120.0,18.0,71.0,250.0,Arc discharge
279.0,487.0,109.0,708.0,4.4,High-temperature overheating
3930.0,2397.0,157.0,0.0,0.0,Partial discharge
37800.0,1740.0,249.0,8.0,8.0,Partial discharge
92600.0,10200.0,0.0,0.0,0.0,Partial discharge
8266.0,1061.0,22.0,0.0,0.0,Partial discharge
9340.0,995.0,60.0,6.0,7.0,Partial discharge
36036.0,4704.0,554.0,5.0,10.0,Partial discharge
78.0,20.0,11.0,13.0,28.0,Spark discharge
305.0,100.0,33.0,161.0,541.0,Spark discharge
35.0,6.0,3.0,26.0,482.0,Spark discharge
543.0,120.0,41.0,411.0,1880.0,Spark discharge
1230.0,163.0,27.0,233.0,692.0,Spark discharge
60.0,10.0,4.0,4.0,4.0,Spark discharge
95.0,10.0,0.0,11.0,39.0,Spark discharge
6870.0,1028.0,79.0,900.0,5500.0,Spark discharge
10092.0,5399.0,530.0,6500.0,37565.0,Spark discharge
650.0,81.0,170.0,51.0,270.0,Spark discharge
545.0,130.0,16.0,153.0,239.0,Arc discharge
7150.0,1440.0,97.0,1210.0,1760.0,Arc discharge
620.0,325.0,38.0,181.0,244.0,Arc discharge
120.0,31.0,0.0,66.0,94.0,Arc discharge
755.0,229.0,32.0,404.0,460.0,Arc discharge
5100.0,1430.0,0.0,1140.0,1010.0,Arc discharge
1570.0,1110.0,175.0,1780.0,1830.0,Arc discharge
3090.0,5020.0,323.0,3800.0,2540.0,Arc discharge
1820.0,405.0,35.0,365.0,634.0,Arc discharge
535.0,160.0,16.0,305.0,680.0,Arc discharge
13.0,3.0,1.0,3.0,6.0,Arc discharge
137.0,67.0,7.0,53.0,104.0,Arc discharge
1084.0,188.0,8.0,166.0,769.0,Arc discharge
34.0,21.0,4.0,49.0,56.0,Arc discharge
7940.0,2000.0,355.0,3120.0,5390.0,Arc discharge
150.0,130.0,9.0,55.0,30.0,Arc discharge
8200.0,3790.0,250.0,4620.0,5830.0,Arc discharge
260.0,215.0,35.0,334.0,277.0,Arc discharge
75.0,15.0,7.0,14.0,26.0,Arc discharge
530.0,345.0,85.0,266.0,250.0,Arc discharge
90.0,28.0,8.0,31.0,32.0,Arc discharge
220.0,77.0,22.0,170.0,240.0,Arc discharge
2800.0,2800.0,234.0,3500.0,3600.0,Arc discharge
99.0,170.0,20.0,200.0,190.0,Arc discharge
310.0,230.0,54.0,610.0,760.0,Arc discharge
800.0,160.0,23.0,260.0,600.0,Arc discharge
1500.0,395.0,28.0,395.0,323.0,Arc discharge
20000.0,13000.0,1850.0,29000.0,57000.0,Arc discharge
305.0,85.0,25.0,197.0,130.0,Arc discharge
1900.0,530.0,35.0,383.0,434.0,Arc discharge
110.0,62.0,90.0,140.0,250.0,Arc discharge
3700.0,1690.0,128.0,2810.0,3270.0,Arc discharge
2770.0,660.0,54.0,712.0,763.0,Arc discharge
1170.0,255.0,18.0,312.0,325.0,Arc discharge
4419.0,3564.0,668.0,2861.0,2025.0,Arc discharge
810.0,280.0,111.0,570.0,490.0,Arc discharge
10000.0,6730.0,345.0,7330.0,10400.0,Arc discharge
1570.0,735.0,87.0,1330.0,1740.0,Arc discharge
8800.0,64064.0,72128.0,95650.0,0.0,High-temperature overheating
6709.0,10500.0,1400.0,17700.0,750.0,High-temperature overheating
1100.0,1600.0,221.0,2010.0,26.0,High-temperature overheating
290.0,966.0,299.0,1810.0,57.0,High-temperature overheating
2500.0,10500.0,4790.0,13500.0,6.0,High-temperature overheating
1860.0,4980.0,0.0,10700.0,1600.0,High-temperature overheating
860.0,1670.0,30.0,2050.0,40.0,High-temperature overheating
150.0,22.0,9.0,60.0,11.0,High-temperature overheating
400.0,940.0,210.0,820.0,24.0,High-temperature overheating
6.0,2990.0,29990.0,26076.0,67.0,High-temperature overheating
100.0,200.0,110.0,670.0,11.0,High-temperature overheating
290.0,1260.0,231.0,820.0,8.0,High-temperature overheating
1550.0,2740.0,816.0,5450.0,184.0,High-temperature overheating
3910.0,4290.0,626.0,6040.0,1230.0,High-temperature overheating
1.0,8.0,8.0,100.0,6.0,High-temperature overheating
300.0,700.0,280.0,1700.0,36.0,High-temperature overheating
107.0,143.0,34.0,222.0,2.0,High-temperature overheating
54.54,71.93,9.72,97.37,6.58,High-temperature overheating
116.17,180.83,52.48,278.18,5.36,High-temperature overheating
5760.0,540.0,40.5,1000.0,2760.0,Arc discharge
50.18,171.12,74.7,148.69,0.0,Middle-temperature overheating
20.0,80.2,24.6,68.6,0.0,Middle-temperature overheating
28.97,10.94,1.64,6.96,4.36,High-temperature overheating
15.9,55.98,22.33,137.25,0.21,High-temperature overheating
47.6,19.1,4.21,27.0,0.72,Low-temperature overheating
40.0,102.6,32.3,183.3,0.2,Arc discharge
50.35,65.58,21.05,99.13,0.96,High-temperature overheating
2.369,119.69,21.891,20.15,0.0,Low-temperature overheating
120.45,210.91,35.7,285.39,15.86,High-temperature overheating
87.17,17.26,3.94,12.87,32.81,Spark discharge
5.48,48.82,96.81,489.57,0.3,High-temperature overheating
605.0,1586.0,655.0,1901.0,2.3,High-temperature overheating
1.96,2.1,0.5,0.67,1.59,Spark discharge
462.0,212.4,31.6,0.0,0.0,Partial discharge
25.4,54.97,8.72,77.84,10.47,High-temperature overheating
131.7,116.55,19.4,183.97,0.32,High-temperature overheating
7911.85,947.43,96.93,907.19,4844.48,Spark discharge
21.0,2.01,0.46,1.48,5.61,Spark discharge
676.74,969.55,570.57,2483.26,17.48,High-temperature overheating
7238.97,695.16,231.6,2394.3,2308.92,Arc discharge
101.5,24.45,8.97,128.37,0.0,High-temperature overheating
73.8,148.0,38.9,181.0,1.76,High-temperature overheating
34.76,5.52,2.09,4.97,10.36,Spark discharge
18.19,21.99,6.58,46.92,3.97,High-temperature overheating
1.6,1.0,0.1,0.9,1.6,Spark discharge
22400.0,22400.0,2690.0,13440.0,1570.0,High-temperature overheating
670.0,224.0,45.0,67.0,2.0,Middle-temperature overheating
224.0,4.5,2.0,0.0,0.0,Low-temperature overheating
900.0,9180.0,0.0,900.0,22.0,Low-temperature overheating
0.0,224.0,0.0,45.0,0.0,Low-temperature overheating
470.0,4637.0,1300.0,448.0,0.0,Low-temperature overheating
65.0,20.0,10.0,5.0,0.0,Low-temperature overheating
53.0,39.0,3.0,4.5,0.0,Low-temperature overheating
219.0,44.0,3.0,3.0,0.0,Low-temperature overheating
37.0,47.0,10.0,5.5,0.0,Low-temperature overheating
34.0,30.0,34.0,2.5,0.0,Low-temperature overheating
14.0,62.0,16.0,3.0,0.0,Low-temperature overheating
65.0,34.0,16.0,112.0,0.0,High-temperature overheating
0.7,1.5,0.3,1.8,0.0,Middle-temperature overheating
0.0,0.2,0.1,0.13,0.0,Middle-temperature overheating
48.0,40.0,11.0,0.5,0.0,Low-temperature overheating
130.0,140.0,24.0,120.0,0.0,Low-temperature overheating
86.0,8.0,2.5,2.5,0.0,Low-temperature overheating
6.0,3.0,0.8,0.7,0.0,Low-temperature overheating
50.0,3.0,1.0,0.0,0.0,Low-temperature overheating
55.0,22.0,0.5,2.6,0.0,Low-temperature overheating
78.0,66.0,62.0,2.6,0.0,Low-temperature overheating
1600.0,3600.0,670.0,14.0,0.0,Partial discharge
6600.0,1000.0,38.0,2.0,19.0,Partial discharge
88.0,9.0,0.0,0.03,0.0,Partial discharge
2240.0,168.0,25.0,0.0,0.0,Partial discharge
1950.0,123.0,38.0,2.0,2.0,Partial discharge
2240.0,157.0,90.0,45.0,45.0,Partial discharge
73.0,8.0,4.0,2.0,12.0,Spark discharge
5000.0,4000.0,2000.0,2000.0,8000.0,Spark discharge
24.3,15.7,6.4,11.2,29.8,Spark discharge
2240.0,360.0,25.0,169.0,828.0,Spark discharge
4480.0,560.0,380.0,403.0,896.0,Spark discharge
2240.0,560.0,380.0,450.0,940.0,Spark discharge
200.0,230.0,2.0,170.0,480.0,Spark discharge
60.0,5.0,1.0,6.0,29.0,Spark discharge
890.0,110.0,3.0,84.0,700.0,Spark discharge
41.0,112.0,0.0,254.0,4536.0,Spark discharge
16000.0,4000.0,500.0,8500.0,16000.0,Arc discharge
21.0,75.0,24.0,126.0,0.0,High-temperature overheating
111.0,559.0,243.0,707.0,0.0,Middle-temperature overheating
23.0,59.9,18.6,56.9,0.1,Middle-temperature overheating
740.0,2227.0,567.0,4258.0,42.0,High-temperature overheating
388.0,860.0,230.0,1833.0,18.3,High-temperature overheating
84.0,126.0,28.9,132.2,0.37,Middle-temperature overheating
362.0,533.0,91.0,553.0,10.0,Middle-temperature overheating
103.0,221.7,47.2,422.0,0.9,High-temperature overheating
1769.7,554.2,145.2,1066.7,885.7,Arc discharge
38.0,3.7,0.0,4.1,19.4,Spark discharge
700.0,137.4,14.9,194.8,936.6,Spark discharge
253.0,21.5,5.9,16.1,72.4,Spark discharge
131.0,32.0,7.3,18.8,38.7,Spark discharge
116.0,20.0,7.0,27.0,54.0,Spark discharge
70.0,3.8,0.6,3.2,31.1,Spark discharge
34.0,18.9,3.7,9.4,5.6,Spark discharge
390.0,62.6,12.8,65.3,133.6,Arc discharge
32930.0,2397.0,157.0,0.0,0.0,Partial discharge
37800.0,1740.0,249.0,8.0,8.0,Partial discharge
92600.0,10200.0,0.0,0.0,0.0,Partial discharge
8266.0,1061.0,22.0,0.0,0.0,Partial discharge
9340.0,995.0,60.0,6.0,7.0,Partial discharge
36036.0,4704.0,554.0,5.0,10.0,Partial discharge
1198.0,3.2,0.5,3.2,1.4,Partial discharge
1309.0,124.0,0.0,6.0,113.0,Partial discharge
2587.0,7.88,0.0,1.4,4.7,Partial discharge
85.87,7.01,0.0,2.64,4.49,Partial discharge
102.0,108.0,0.0,41.0,70.0,Partial discharge
195.9,14.5,0.0,2.4,11.6,Partial discharge
420.0,37.3,0.2,30.0,14.9,Partial discharge
485.0,35.0,0.0,6.0,29.0,Partial discharge
83.26,45.32,0.26,36.45,18.1,Partial discharge
78.0,20.0,11.0,13.0,28.0,Spark discharge
1790.0,580.0,321.0,336.0,619.0,Spark discharge
1330.0,10.0,20.0,66.0,182.0,Spark discharge
4.0,1.0,2.0,7.0,52.0,Spark discharge
1900.0,285.0,31.0,957.0,7730.0,Spark discharge
57.0,24.0,2.0,27.0,30.0,Spark discharge
1000.0,500.0,1.0,400.0,500.0,Spark discharge
9.0,3.9,13.0,4.0,8.0,Spark discharge
1198.0,3.2,0.5,3.2,1.4,Spark discharge
14.2,4.0,9.51,1.5,1.4,Spark discharge
30.1,17.1,30.1,5.5,2.2,Spark discharge
45.0,11.0,28.5,12.74,2.7,Spark discharge
65.2,20.0,25.1,8.13,3.9,Spark discharge
67.8,8.89,36.2,12.67,1.88,Spark discharge
101.72,27.65,53.87,16.92,7.13,Spark discharge
549.0,121.3,198.5,31.9,25.5,Spark discharge
56.0,10.0,17.6,13.5,1.3,Arc discharge
57.0,15.0,25.3,23.0,3.1,Arc discharge
65.0,26.1,57.8,41.6,10.1,Arc discharge
75.5,30.2,18.2,30.3,2.33,Arc discharge
145.88,40.65,59.71,34.02,9.37,Arc discharge
1027.0,185.0,399.0,271.0,17.0,Arc discharge
475.3,195.8,221.2,187.3,32.6,Arc discharge
440.0,89.0,19.0,304.0,757.0,Arc discharge
210.0,43.0,12.0,102.0,187.0,Arc discharge
2850.0,1115.0,138.0,1987.0,3675.0,Arc discharge
7020.0,1850.0,0.0,2960.0,4410.0,Arc discharge
545.0,130.0,16.0,153.0,239.0,Arc discharge
7150.0,1440.0,97.0,1210.0,1760.0,Arc discharge
620.0,325.0,38.0,181.0,244.0,Arc discharge
120.0,31.0,0.0,66.0,94.0,Arc discharge
755.0,229.0,32.0,404.0,460.0,Arc discharge
5100.0,1430.0,0.0,1140.0,1010.0,Arc discharge
13500.0,6110.0,212.0,4510.0,4040.0,Arc discharge
3090.0,5020.0,323.0,3800.0,2540.0,Arc discharge
1820.0,405.0,35.0,365.0,634.0,Arc discharge
535.0,160.0,16.0,305.0,680.0,Arc discharge
137.0,67.0,7.0,53.0,104.0,Arc discharge
1084.0,188.0,8.0,166.0,769.0,Arc discharge
34.0,21.0,4.0,49.0,56.0,Arc discharge
7940.0,2000.0,355.0,3120.0,5390.0,Arc discharge
150.0,130.0,9.0,55.0,30.0,Arc discharge
8200.0,3790.0,250.0,4620.0,5830.0,Arc discharge
260.0,215.0,35.0,334.0,277.0,Arc discharge
75.0,15.0,7.0,14.0,26.0,Arc discharge
530.0,345.0,85.0,266.0,250.0,Arc discharge
60.0,5.0,2.0,21.0,21.0,Arc discharge
90.0,28.0,8.0,31.0,32.0,Arc discharge
220.0,77.0,22.0,170.0,240.0,Arc discharge
5900.0,1500.0,68.0,1200.0,2300.0,Arc discharge
420.0,250.0,41.0,530.0,800.0,Arc discharge
2800.0,2800.0,234.0,3500.0,3600.0,Arc discharge
99.0,170.0,20.0,200.0,190.0,Arc discharge
800.0,160.0,23.0,260.0,600.0,Arc discharge
1500.0,395.0,28.0,395.0,323.0,Arc discharge
20000.0,13000.0,1850.0,29000.0,57000.0,Arc discharge
305.0,85.0,25.0,197.0,130.0,Arc discharge
1900.0,530.0,35.0,383.0,434.0,Arc discharge
110.0,62.0,90.0,140.0,250.0,Arc discharge
3700.0,1690.0,128.0,2810.0,3270.0,Arc discharge
2770.0,660.0,54.0,712.0,763.0,Arc discharge
245.0,120.0,18.0,131.0,167.0,Arc discharge
1170.0,255.0,18.0,312.0,325.0,Arc discharge
4419.0,3564.0,668.0,2861.0,2025.0,Arc discharge
810.0,580.0,111.0,570.0,490.0,Arc discharge
5000.0,1200.0,83.0,1000.0,1100.0,Arc discharge
10000.0,6730.0,345.0,7330.0,10400.0,Arc discharge
1570.0,735.0,87.0,1330.0,1740.0,Arc discharge
14.0,44.0,124.0,7.0,1.0,Low-temperature overheating
2031.0,149.0,20.0,3.0,0.0,Low-temperature overheating
48.0,610.0,29.0,10.0,0.0,Low-temperature overheating
12.0,18.0,4.0,4.0,0.0,Low-temperature overheating
66.0,60.0,2.0,7.0,0.0,Low-temperature overheating
1450.0,940.0,211.0,322.0,61.0,Low-temperature overheating
0.0,18900.0,410.0,540.0,330.0,Low-temperature overheating
360.0,610.0,259.0,260.0,9.0,Low-temperature overheating
1.0,27.0,49.0,4.0,1.0,Low-temperature overheating
1270.0,3450.0,520.0,1390.0,8.0,Low-temperature overheating
33.0,29.0,0.0,12.0,9.0,Low-temperature overheating
46.0,98.0,0.0,41.3,26.3,Low-temperature overheating
60.0,60.0,0.3,40.0,16.0,Low-temperature overheating
87.2,73.18,0.0,56.88,27.14,Low-temperature overheating
97.0,110.0,0.0,85.0,34.0,Low-temperature overheating
110.4,112.0,0.0,80.8,32.5,Low-temperature overheating
29.9,24.1,0.6,92.5,343.0,Low-temperature overheating
120.0,120.0,0.55,84.0,33.0,Low-temperature overheating
143.2,123.0,0.0,75.0,38.0,Low-temperature overheating
181.0,162.0,0.0,132.0,70.0,Low-temperature overheating
3420.0,7870.0,1500.0,6990.0,33.0,Middle-temperature overheating
960.0,4000.0,1290.0,1560.0,6.0,Middle-temperature overheating
24700.0,61000.0,26300.0,42100.0,1560.0,Middle-temperature overheating
480.0,1075.0,298.0,1132.0,0.0,Middle-temperature overheating
40000.0,400.0,70.0,600.0,6.0,Middle-temperature overheating
20.0,41.9,0.38,44.2,20.2,Middle-temperature overheating
20.37,59.79,0.0,80.49,45.24,Middle-temperature overheating
23.51,61.33,1.01,98.03,45.21,Middle-temperature overheating
46.9,161.6,56.0,193.6,94.1,Middle-temperature overheating
47.0,120.0,3.0,198.0,90.0,Middle-temperature overheating
72.0,442.0,0.7,461.0,221.0,Middle-temperature overheating
110.6,458.8,0.0,406.4,242.6,Middle-temperature overheating
128.0,419.0,0.35,614.1,269.5,Middle-temperature overheating
24.0,34.6,0.0,21.7,14.2,Middle-temperature overheating
613.0,3240.0,0.0,2788.0,1432.0,Middle-temperature overheating
8800.0,64064.0,72128.0,95650.0,0.0,High-temperature overheating
6709.0,10500.0,1400.0,17700.0,750.0,High-temperature overheating
1100.0,1600.0,221.0,2010.0,26.0,High-temperature overheating
290.0,966.0,299.0,1810.0,57.0,High-temperature overheating
2500.0,10500.0,4790.0,13500.0,6.0,High-temperature overheating
1860.0,4980.0,0.0,10700.0,1600.0,High-temperature overheating
860.0,1670.0,30.0,2050.0,40.0,High-temperature overheating
150.0,22.0,9.0,60.0,11.0,High-temperature overheating
400.0,940.0,210.0,820.0,24.0,High-temperature overheating
6.0,2990.0,29990.0,26076.0,67.0,High-temperature overheating
100.0,200.0,110.0,670.0,11.0,High-temperature overheating
290.0,1260.0,231.0,820.0,8.0,High-temperature overheating
1550.0,2740.0,816.0,5450.0,184.0,High-temperature overheating
3910.0,4290.0,626.0,6040.0,1230.0,High-temperature overheating
12705.0,23498.0,6047.0,34257.0,5188.0,High-temperature overheating
1.0,8.0,8.0,100.0,6.0,High-temperature overheating
300.0,700.0,280.0,1700.0,36.0,High-temperature overheating
107.0,143.0,34.0,222.0,2.0,High-temperature overheating
35.1,50.6,1.1,93.0,16.1,High-temperature overheating
68.0,99.2,0.0,202.9,35.9,High-temperature overheating
156.0,240.0,0.98,399.0,54.0,High-temperature overheating
63.0,149.6,0.0,276.0,51.5,High-temperature overheating
30.0,25.5,1.8,93.0,31.5,High-temperature overheating
165.62,240.95,13.53,514.53,61.32,High-temperature overheating
164.0,244.0,8.3,497.0,103.0,High-temperature overheating
135.65,278.53,2.95,492.0,58.86,High-temperature overheating
135.88,362.42,3.74,826.65,125.22,High-temperature overheating
236.0,410.2,3.5,817.3,159.0,High-temperature overheating
46.1,21.5,615.0,15.8,12.0,Normal
14.67,3.68,10.54,2.71,0.2,Normal
31.0,23.0,10.6,7.1,0.4,Normal
33.0,26.0,6.0,53.0,0.2,Normal
14.5,3.8,105.0,2.8,0.2,Normal
0.33,0.26,0.04,0.27,0.0,Normal
5.8,2.7,1.8,0.8,0.0,Normal
15.02,4.2,9.8,25.0,0.2,Normal
39.0,24.49,18.4,11.43,6.0,Normal
46.81,35.6,8.51,7.0,0.28,Normal
34.4,2.98,332.0,27.73,2.5,Normal
46.0,11.58,33.1,8.52,0.63,Normal
39.81,24.5,18.37,11.4,6.53,Normal
45.6,36.99,7.9,7.52,31.0,Normal
33.6,3.04,33.17,28.5,2.47,Normal
41.9,33.61,14.3,8.94,0.6,Normal
82.4,1548.2,403.8,320.9,0.0,Low-temperature overheating
19.24,110.0,181.38,3.38,0.33,Low-temperature overheating
73.38,157.49,244.65,35.68,0.0,Low-temperature overheating
70.84,148.56,238.36,35.24,0.0,Low-temperature overheating
19.19,187.55,329.49,74.43,1.0,Low-temperature overheating
58.54,116.04,175.74,34.12,0.72,Low-temperature overheating
144.0,755.0,248.0,500.0,1.0,Middle-temperature overheating
231.1,919.6,669.1,1499.6,5.61,Middle-temperature overheating
21.5,135.7,140.1,310.3,0.0,Middle-temperature overheating
259.0,863.0,393.0,994.0,6.0,Middle-temperature overheating
22.4,137.2,43.5,44.8,4.3,Middle-temperature overheating
27.0,48.2,18.4,46.3,0.8,Middle-temperature overheating
200.0,700.0,250.0,740.0,1.0,Middle-temperature overheating
4072.0,15850.0,9057.0,22621.0,535.0,Middle-temperature overheating
27.0,90.0,42.0,63.0,0.2,Middle-temperature overheating
680.0,4895.0,1846.0,3662.0,0.0,Middle-temperature overheating
4.32,193.0,118.0,125.0,0.0,Middle-temperature overheating
0.0,434.0,226.0,387.0,0.0,Middle-temperature overheating
23.51,61.33,45.21,98.03,1.01,Middle-temperature overheating
24.16,261.05,196.13,201.4,0.87,Middle-temperature overheating
26.7,90.6,49.2,95.0,0.5,Middle-temperature overheating
46.9,161.6,94.1,193.3,0.56,Middle-temperature overheating
0.0,31.33,17.59,51.08,0.0,Middle-temperature overheating
15.3,26.2,21.0,52.8,0.0,Middle-temperature overheating
58.0,290.0,149.0,373.0,0.0,Middle-temperature overheating
22.2,50.7,24.1,56.9,0.0,Middle-temperature overheating
27.5,48.2,18.4,46.0,0.01,Middle-temperature overheating
13.1,44.7,91.5,213.3,4.2,Middle-temperature overheating
679.0,1992.0,1823.0,3671.0,0.0,Middle-temperature overheating
24.0,27.8,24.4,30.0,0.0,Middle-temperature overheating
33.9,36.5,31.5,39.3,0.0,Middle-temperature overheating
230.0,572.4,343.0,768.9,0.51,Middle-temperature overheating
215.6,255.1,160.2,350.4,0.0,Middle-temperature overheating
78.0,70.1,294.8,635.8,12.2,Middle-temperature overheating
164.0,244.0,103.0,497.0,8.3,High-temperature overheating
172.6,306.6,75.8,367.4,1.9,High-temperature overheating
109.0,431.0,116.0,446.0,0.64,High-temperature overheating
172.9,334.1,172.9,812.5,37.7,High-temperature overheating
25.1,411.91,320.9,1832.8,18.4,High-temperature overheating
56.0,286.0,96.0,928.0,7.0,High-temperature overheating
336.0,419.0,105.0,1074.0,21.0,High-temperature overheating
11.3,24.6,12.7,59.9,2.8,High-temperature overheating
78.0,161.0,86.0,353.0,10.0,High-temperature overheating
10.86,35.9,17.58,92.53,0.0,High-temperature overheating
73.0,520.0,140.0,1200.0,6.0,High-temperature overheating
42.0,97.0,157.0,600.0,0.0,High-temperature overheating
86.0,110.0,18.0,92.0,7.4,High-temperature overheating
766.0,993.0,116.0,665.0,4.0,High-temperature overheating
220.0,340.0,42.0,480.0,14.0,High-temperature overheating
170.0,320.0,53.0,520.0,3.2,High-temperature overheating
116.0,258.0,94.0,466.0,5.0,High-temperature overheating
98.0,252.0,95.0,645.0,23.0,High-temperature overheating
18.0,250.4,172.8,707.9,0.0,High-temperature overheating
2.02,16.82,3.9,77.25,0.0,High-temperature overheating
17.31,21.73,5.83,52.3,2.83,High-temperature overheating
64.0,250.0,145.0,846.0,3.2,High-temperature overheating
12.51,31.68,8.91,45.18,0.27,High-temperature overheating
15.64,35.35,9.74,38.48,0.12,High-temperature overheating
13.0,33.5,9.2,36.7,0.12,High-temperature overheating
2.17,45.59,7.97,43.9,0.04,High-temperature overheating
2.7,41.03,7.82,48.36,0.0,High-temperature overheating
14.08,30.14,7.32,39.15,0.0,High-temperature overheating
14.23,32.05,8.16,42.62,0.07,High-temperature overheating
18.0,23.7,27.1,164.0,6.5,High-temperature overheating
1430.0,6632.0,1779.0,5506.0,7.0,High-temperature overheating
190.0,920.0,410.0,3180.0,15.0,High-temperature overheating
160.0,223.0,45.0,495.0,11.0,High-temperature overheating
130.0,270.0,67.0,500.0,3.0,High-temperature overheating
73.0,520.0,140.0,1230.0,7.0,High-temperature overheating
135.0,466.0,70.0,502.0,9.0,High-temperature overheating
610.0,1200.0,300.0,1800.0,6.0,High-temperature overheating
147.0,766.0,506.0,2078.0,3.1,High-temperature overheating
26.0,88.3,46.0,196.0,0.0,High-temperature overheating
5.49,35.9,28.1,156.0,0.0,High-temperature overheating
12.0,23.0,9.0,98.0,0.0,High-temperature overheating
14.0,29.0,18.0,174.0,0.0,High-temperature overheating
117.0,357.0,92.0,486.0,4.0,High-temperature overheating
18.95,46.97,6.94,61.54,0.0,High-temperature overheating
305.0,904.0,52.0,411.0,0.0,High-temperature overheating
16.0,26.1,7.1,24.4,0.1,High-temperature overheating
32.0,41.6,10.1,120.5,2.61,High-temperature overheating
34.0,48.5,12.9,141.0,3.31,High-temperature overheating
11.0,102.4,57.9,277.6,0.0,High-temperature overheating
24.0,137.0,62.0,329.5,0.0,High-temperature overheating
43.0,50.9,11.6,127.9,2.9,High-temperature overheating
26.0,21.0,15.0,12.0,1.0,Partial discharge
25.2,1.2,6.5,1.3,0.2,Partial discharge
980.0,73.0,58.0,12.0,0.0,Partial discharge
420.0,373.0,14.9,30.0,0.2,Partial discharge
1198.0,3.2,1.4,3.2,0.5,Partial discharge
83.26,45.32,18.1,36.45,0.26,Partial discharge
1958.0,14.5,11.6,2.4,0.7,Partial discharge
565.0,26.5,6.9,2.1,0.0,Partial discharge
625.0,49.0,9.0,7.0,0.6,Partial discharge
2587.2,7.88,4.7,1.4,0.0,Partial discharge
87.27,6.5,5.16,1.07,0.0,Partial discharge
560.0,0.0,0.6,0.7,0.0,Partial discharge
89.99,5.35,1.96,2.7,0.0,Partial discharge
1300.0,110.0,137.0,52.0,22.2,Partial discharge
650.0,53.0,34.0,20.0,0.0,Partial discharge
1565.0,93.0,34.0,47.0,0.0,Partial discharge
1308.0,125.0,112.0,6.0,0.0,Partial discharge
654.0,55.0,34.0,20.0,0.0,Partial discharge
2437.0,115.5,22.6,3.5,0.2,Partial discharge
565.0,93.0,34.0,47.0,0.0,Partial discharge
84.3,8.0,7.2,0.4,0.0,Partial discharge
980.0,73.0,58.0,12.0,0.0,Partial discharge
565.0,93.0,34.0,47.0,2.7,Partial discharge
180.85,0.574,0.234,0.188,0.0,Partial discharge
170.0,24.0,7.0,17.0,54.0,Spark discharge
30.0,7.4,8.5,1.8,19.0,Spark discharge
14.1,4.0,1.3,1.5,9.5,Spark discharge
29.5,4.5,0.5,3.5,29.1,Spark discharge
65.5,233.0,1.0,2.1,26.0,Spark discharge
41.18,4.41,1.47,1.47,16.18,Spark discharge
36.22,7.52,6.38,2.51,12.98,Spark discharge
36.7,7.4,6.2,2.8,12.8,Spark discharge
2781.0,1293.0,248.0,23.0,84.0,Spark discharge
78.0,28.0,13.0,29.0,110.0,Spark discharge
30.64,29.84,6.82,16.071,99.0,Spark discharge
549.1,121.2,25.4,31.9,198.5,Spark discharge
68.72,9.05,11.38,1.71,34.88,Spark discharge
225.1,215.9,605.5,88.7,1849.0,Spark discharge
99.39,28.86,16.07,6.82,52.3,Spark discharge
345.0,112.25,27.5,51.5,58.75,Spark discharge
80.0,20.0,6.0,20.0,62.0,Spark discharge
66.0,8.27,8.21,9.21,8.21,Spark discharge
59.0,10.4,4.0,10.0,12.7,Spark discharge
75.0,2.98,0.6,3.57,14.29,Spark discharge
410.0,32.88,2.59,24.76,191.0,Spark discharge
330.2,28.3,2.55,25.98,203.87,Spark discharge
584.67,104.44,9.04,193.0,530.89,Spark discharge
61.5,24.6,1.33,5.6,20.5,Spark discharge
540.0,119.0,27.1,39.0,201.5,Spark discharge
49.1,12.2,3.9,0.3,4.8,Spark discharge
22.5,8.5,7.3,1.2,8.4,Spark discharge
59.0,28.0,9.0,70.0,15.0,Arc discharge
673.6,423.5,77.5,988.9,344.4,Arc discharge
1678.0,652.9,80.7,1005.9,419.1,Arc discharge
40.9,11.9,4.5,69.3,29.0,Arc discharge
23.7,13.6,2.8,11.1,25.8,Arc discharge
56.0,25.0,6.0,85.0,10.0,Arc discharge
143.0,92.0,12.0,133.0,79.0,Arc discharge
6725.8,1492.5,5643.0,3070.5,4877.0,Arc discharge
279.0,41.0,9.7,42.0,34.0,Arc discharge
162.0,109.0,11.1,201.0,183.0,Arc discharge
32.6,15.47,4.97,38.67,8.29,Arc discharge
35.88,9.3,1.59,15.4,17.66,Arc discharge
56.82,9.86,2.16,11.59,17.97,Arc discharge
940.0,440.0,3.0,530.0,460.0,Arc discharge
980.0,570.0,37.0,480.0,54.0,Arc discharge
420.0,200.0,14.0,230.0,180.0,Arc discharge
328.0,73.0,3.0,73.0,65.0,Arc discharge
60.0,40.0,10.0,110.0,70.0,Arc discharge
57.0,13.0,0.1,11.0,12.0,Arc discharge
71.0,16.0,3.3,62.0,10.0,Arc discharge
44.09,13.64,2.42,20.08,2021.0,Arc discharge
150.0,27.0,5.6,65.0,90.0,Arc discharge
59.0,28.0,9.0,70.0,15.0,Arc discharge
335.0,67.0,18.0,143.0,170.0,Arc discharge
250.0,63.0,3.8,66.0,120.0,Arc discharge
293.0,50.0,13.0,115.0,120.0,Arc discharge
443.0,85.0,9.5,103.0,174.0,Arc discharge
379.15,18.1,3.93,25.44,33.13,Arc discharge
20.0,3.9,0.6,4.4,6.3,Arc discharge
138.7,50.8,7.7,552.0,96.0,Arc discharge
248.47,22.84,11.52,63.54,32.17,Arc discharge
39.184,24.49,18.367,11.429,6.5306,Normal
46.809,36.879,8.5106,7.5177,0.2837,Normal
42.017,33.613,14.846,8.9636,0.5602,Normal
46.132,11.572,33.145,8.522,0.6289,Normal
93.5,36.7,111.2,69.4,1.1,Normal
112.0,93.3,132.0,123.6,0.5,Normal
14.2,4.4,13.96,2.48,0.17,Normal
80.6,8.9,5.3,4.7,0.3,Normal
15.0,12.0,5.3,3.2,0.2,Normal
34.1,14.0,2.5,1.1,0.0,Normal
10.4,7.7,1.6,0.8,0.0,Normal
15.6,2.9,5.0,41.4,3.9,Normal
33.663,2.9703,33.168,27.723,2.4752,Normal
5.07,26.26,3.17,2.77,0.21,Low-temperature overheating
59.26,120.18,185.6,36.84,0.05,Low-temperature overheating
137.0,251.0,32.0,14.0,0.0,Low-temperature overheating
61.88,88.76,83.81,76.14,0.14,Low-temperature overheating
181.7,262.5,41.6,28.6,1.0,Low-temperature overheating
181.0,262.0,41.0,28.0,0.0,Low-temperature overheating
86.0,110.0,118.0,92.0,7.4,Low-temperature overheating
11.03,22.51,111.3,7.967,3.314,Low-temperature overheating
20.0,207.0,2.5,2.4,0.4,Low-temperature overheating
87.2,91.3,72.3,120.1,1.0,Low-temperature overheating
72.0,2442.0,221.0,461.0,0.7,Middle-temperature overheating
139.0,714.0,351.0,634.0,0.0,Middle-temperature overheating
19.0,136.0,55.0,164.0,0.29,Middle-temperature overheating
23.6,170.6,180.4,450.9,0.0,Middle-temperature overheating
18.4,29.1,9.7,26.9,0.4,Middle-temperature overheating
22.7,150.3,160.8,400.8,0.0,Middle-temperature overheating
972.0,3411.0,1436.0,1639.0,0.0,Middle-temperature overheating
194.8,917.7,565.89,1460.9,0.0,Middle-temperature overheating
139.0,345.0,184.0,533.0,0.0,Middle-temperature overheating
70.2,246.6,171.5,371.0,0.0,Middle-temperature overheating
211.0,769.2,465.0,1210.4,0.0,Middle-temperature overheating
13.6,46.5,45.0,116.1,0.0,Middle-temperature overheating
118.0,434.0,228.0,638.0,0.0,Middle-temperature overheating
159.8,438.9,3112.4,644.6,0.38,Middle-temperature overheating
300.0,490.0,180.0,360.0,95.0,Middle-temperature overheating
230.0,5723.0,243.0,768.9,0.51,Middle-temperature overheating
3.76,26.88,7.22,61.8,0.31,High-temperature overheating
16.0,237.0,92.0,470.0,0.0,High-temperature overheating
171.19,628.34,354.87,1619.9,46.26,High-temperature overheating
27.4,63.2,32.7,137.8,0.52,High-temperature overheating
157.2,718.13,727.56,2434.3,153.36,High-temperature overheating
73.38,157.49,35.68,244.65,0.0,High-temperature overheating
58.54,116.04,34.12,175.74,0.72,High-temperature overheating
159.0,212.4,82.4,260.0,0.35,High-temperature overheating
14.42,44.83,3.26,72.63,0.0,High-temperature overheating
152.0,247.3,101.2,3132.0,0.35,High-temperature overheating
100.0,106.3,19.3,216.6,14.2,High-temperature overheating
807.55,955.76,518.53,2286.7,65.86,High-temperature overheating
32.61,294.63,141.74,910.82,10.39,High-temperature overheating
28.34,71.41,4.78,131.0,0.0,High-temperature overheating
1400.0,7500.0,5120.0,19370.0,124.0,High-temperature overheating
115.0,332.0,104.0,604.0,2.85,High-temperature overheating
40.0,112.9,54.0,185.3,0.3,High-temperature overheating
41.0,58.2,25.9,129.8,1.0,High-temperature overheating
94.3,94.7,36.2,163.2,0.0,High-temperature overheating
8.5,14.1,31.7,175.9,0.0,High-temperature overheating
143.0,305.0,721.0,78.0,2.0,High-temperature overheating
30.0,25.5,31.5,93.0,1.81,High-temperature overheating
740.0,1856.0,78.2,3528.0,706.0,High-temperature overheating
26.5,298.0,0.0,69.3,8.6,High-temperature overheating
2073.0,85.6,17.4,2.6,0.0,Partial discharge
568.0,26.5,6.9,2.1,0.0,Partial discharge
3433.0,180.0,34.3,3.4,0.3,Partial discharge
150.0,11.6,50.6,29.0,1.1,Partial discharge
1308.0,125.0,112.0,6.0,0.0,Partial discharge
177.21,13.83,6.6,2.36,0.0,Partial discharge
538.3,12.6,8.67,14.07,0.33,Partial discharge
3433.0,180.0,34.4,3.6,0.4,Partial discharge
181.0,0.6,0.2,0.2,0.0,Partial discharge
189.93,8.74,1.25,0.04,0.04,Partial discharge
242.0,6.0,1.0,4.0,0.0,Partial discharge
8300.0,1590.1,90.4,110.0,370.1,Spark discharge
14.2,4.0,1.4,1.5,9.51,Spark discharge
3.09,0.55,2.96,4.56,42.75,Spark discharge
31.0,6.6,19.0,4.7,67.0,Spark discharge
3.3,1.1,3.1,0.9,3.3,Spark discharge
361.0,29.0,2.74,25.67,197.2,Spark discharge
30.1,17.1,2.2,5.5,5.2,Spark discharge
54.0,7.0,7.4,8.6,5.4,Spark discharge
49.9,23.6,2.8,6.2,10.2,Spark discharge
43.6,20.1,32.0,7.2,10.9,Spark discharge
388.61,25.39,9.98,43.92,41.55,Arc discharge
647.9,189.9,5.9,164.2,201.4,Arc discharge
512.0,87.0,11.5,163.9,185.21,Arc discharge
698.0,457.0,107.1,860.0,988.6,Arc discharge
23.0,5.9,1.0,11.0,3.62,Arc discharge
207.1,107.16,1939.0,136.59,159.65,Arc discharge
1350.3,602.76,46.1,705.61,896.69,Arc discharge
531.0,111.9,22.7,122.5,169.0,Arc discharge
447.6,196.0,33.3,188.6,22.65,Arc discharge
344.1,213.0,18.6,199.9,257.6,Arc discharge
3312.0,38.0,6.5,42.0,54.0,Arc discharge
642.9,195.5,17.9,172.9,197.4,Arc discharge
6785.0,1149.0,251.0,2525.0,3574.4,Arc discharge
602.6,186.0,13.7,190.5,260.7,Arc discharge
256.61,82.87,6.41,82.65,167.5,Arc discharge
176.0,40.0,11.0,71.0,79.0,Arc discharge
2307.0,6233.0,26.87,339.32,550.0,Arc discharge
499.58,26.61,14.5,619.2,2415.6,Arc discharge
410.0,120.0,18.0,71.0,250.0,Arc discharge
46.63,6.22,1.55,7.25,27.98,Arc discharge
31.0,6.6,19.0,4.7,67.0,Arc discharge
7.6,96.3,26.7,4.7,135.0,Arc discharge
46.1,21.5,61.5,15.8,1.2,Normal
14.67,3.68,10.54,2.71,0.2,Normal
31.0,23.0,10.6,7.1,0.4,Normal
33.0,26.0,6.0,5.3,0.2,Normal
14.5,3.8,10.5,2.8,0.2,Normal
0.33,0.26,0.04,0.27,0.0,Normal
100.0,200.0,200.0,200.0,20.0,Normal
0.0,225.0,225.0,110.0,3.0,Normal
105.0,125.0,71.0,166.0,10.0,Normal
100.0,50.0,65.0,50.0,15.0,Normal
100.0,70.0,70.0,170.0,10.0,Normal
0.0,224.0,224.0,112.0,5.0,Normal
200.0,50.0,50.0,200.0,3.0,Normal
85.0,0.0,80.0,35.0,70.0,Normal
33.6,3.04,33.17,28.5,2.47,Normal
41.9,33.61,14.3,8.94,0.6,Normal
98.0,155.0,54.0,300.0,1.5,High-temperature overheating
8800.0,64064.0,72128.0,95650.0,0.0,High-temperature overheating
6709.0,10500.0,1400.0,17700.0,750.0,High-temperature overheating
1100.0,1600.0,221.0,2010.0,26.0,High-temperature overheating
290.0,966.0,299.0,1810.0,57.0,High-temperature overheating
2500.0,10500.0,4790.0,13500.0,6.0,High-temperature overheating
860.0,1670.0,30.0,2050.0,40.0,High-temperature overheating
150.0,22.0,9.0,60.0,11.0,High-temperature overheating
400.0,940.0,210.0,820.0,24.0,High-temperature overheating
6.0,2990.0,29990.0,26076.0,67.0,High-temperature overheating
100.0,200.0,110.0,670.0,11.0,High-temperature overheating
290.0,1260.0,231.0,820.0,8.0,High-temperature overheating
1550.0,2740.0,816.0,5450.0,184.0,High-temperature overheating
3910.0,4290.0,626.0,6040.0,1230.0,High-temperature overheating
12705.0,23498.0,6047.0,34257.0,5188.0,High-temperature overheating
78.0,20.0,11.0,13.0,28.0,Spark discharge
305.0,100.0,33.0,161.0,541.0,Spark discharge
35.0,6.0,3.0,26.0,482.0,Spark discharge
543.0,120.0,41.0,411.0,1880.0,Spark discharge
1230.0,163.0,27.0,233.0,692.0,Spark discharge
60.0,10.0,4.0,4.0,4.0,Spark discharge
95.0,10.0,0.0,11.0,39.0,Spark discharge
650.0,81.0,170.0,51.0,270.0,Spark discharge
210.0,22.0,6.0,6.0,7.0,Spark discharge
385.0,60.0,8.0,53.0,159.0,Spark discharge
4230.0,690.0,5.0,196.0,1180.0,Spark discharge
7600.0,1230.0,318.0,836.0,1560.0,Spark discharge
595.0,80.0,9.0,89.0,244.0,Spark discharge
120.0,25.0,1.0,8.0,40.0,Spark discharge
8.0,0.0,0.0,43.0,101.0,Spark discharge
6454.0,2313.0,121.0,2159.0,6432.0,Spark discharge
2177.0,1049.0,207.0,440.0,705.0,Spark discharge
1790.0,580.0,321.0,336.0,619.0,Spark discharge
4.0,1.0,2.0,7.0,52.0,Spark discharge
1900.0,285.0,31.0,957.0,7730.0,Spark discharge
141.0,131.0,13.0,139.0,19.0,Spark discharge
673.6,423.5,77.5,988.9,344.4,Arc discharge
1678.0,652.9,80.7,1005.9,419.1,Arc discharge
440.0,89.0,19.0,304.0,757.0,Arc discharge
210.0,43.0,12.0,102.0,187.0,Arc discharge
2850.0,1115.0,138.0,1987.0,3675.0,Arc discharge
7020.0,1850.0,0.0,2960.0,4410.0,Arc discharge
545.0,130.0,16.0,153.0,239.0,Arc discharge
7150.0,1440.0,97.0,1210.0,1760.0,Arc discharge
620.0,325.0,38.0,181.0,244.0,Arc discharge
120.0,31.0,0.0,66.0,94.0,Arc discharge
755.0,229.0,32.0,404.0,460.0,Arc discharge
5100.0,1430.0,0.0,1140.0,1010.0,Arc discharge
13500.0,6110.0,212.0,4510.0,4040.0,Arc discharge
1570.0,1110.0,175.0,1780.0,1830.0,Arc discharge
3090.0,5020.0,323.0,3800.0,2540.0,Arc discharge
32930.0,2397.0,157.0,0.0,0.0,Partial discharge
92600.0,10200.0,0.0,0.0,0.0,Partial discharge
8266.0,1061.0,22.0,0.0,0.0,Partial discharge
9340.0,995.0,60.0,6.0,7.0,Partial discharge
36036.0,4704.0,554.0,5.0,10.0,Partial discharge
33046.0,619.0,58.0,2.0,0.0,Partial discharge
40280.0,1069.0,1060.0,1.0,1.0,Partial discharge
26788.0,18342.0,2111.0,27.0,0.0,Partial discharge
8266.0,1061.0,22.0,0.1,0.1,Partial discharge
3.6,7.3,2.8,1.0,0.4,Normal
15.1,5.7,1.1,1.8,0.0,Normal
29.2,12.0,2.8,4.0,0.0,Normal
10.0,12.9,5.7,2.0,1.0,Normal
5.3,19.8,4.3,5.0,0.0,Normal
26.0,18.5,9.8,6.9,0.0,Normal
35.4,39.6,6.8,71.5,1.5,Low-temperature overheating
49.7,106.4,42.9,26.5,0.0,Low-temperature overheating
46.3,160.2,17.7,102.3,0.0,Low-temperature overheating
11.0,57.2,44.0,308.0,2.4,High-temperature overheating
29.7,101.4,22.1,242.3,1.0,High-temperature overheating
30.8,160.3,124.3,479.6,0.0,High-temperature overheating
43.7,137.5,123.2,418.0,0.0,High-temperature overheating
49.5,63.8,70.4,310.2,3.4,High-temperature overheating
59.3,9.1,1.2,6.6,7.8,Partial discharge
90.2,98.2,13.2,30.8,8.8,Partial discharge
104.0,520.0,167.7,1247.9,2.5,High-temperature overheating
126.6,134.6,60.1,308.2,0.1,High-temperature overheating
36.4,189.3,147.0,567.1,0.0,High-temperature overheating
77.1,11.8,1.6,8.6,10.1,Partial discharge
46.0,7.9,2.0,18.1,18.9,Partial discharge
58.5,19.5,1.3,11.7,10.4,Partial discharge
426.4,95.0,12.1,90.6,80.6,Arc discharge
157.2,58.5,2.0,33.9,81.1,Arc discharge
585.0,62.7,15.2,63.8,33.8,Arc discharge
195.0,49.4,5.2,26.3,38.1,Arc discharge
181.7,262.5,41.6,28.6,1.0,Low-temperature overheating
95.0,110.0,160.0,50.0,0.0,Low-temperature overheating
18.6,110.2,162.3,50.7,0.7,Low-temperature overheating
16.0,38.4,70.0,28.0,0.0,Low-temperature overheating
101.0,169.0,595.0,34.0,0.0,Low-temperature overheating
102.0,168.0,597.0,35.0,0.0,Low-temperature overheating
20.88,212.29,324.05,73.06,0.92,Low-temperature overheating
72.22,159.01,235.33,32.95,0.0,Low-temperature overheating
64.38,77.53,20.6,11.56,0.0,Low-temperature overheating
20.0,207.0,2.5,2.4,0.4,Low-temperature overheating
82.4,1548.2,403.8,320.9,0.0,Low-temperature overheating
73.38,157.49,244.65,35.68,0.0,Low-temperature overheating
70.84,148.56,238.36,35.24,0.0,Low-temperature overheating
19.19,187.55,329.49,74.43,1.0,Low-temperature overheating
58.54,116.04,175.74,34.12,0.72,Low-temperature overheating
207.0,416.0,347.0,134.5,20.0,Low-temperature overheating
46.9,161.6,94.1,193.3,0.56,Middle-temperature overheating
72.0,442.0,221.0,461.0,0.7,Middle-temperature overheating
128.0,419.0,269.4,614.1,0.35,Middle-temperature overheating
0.0,31.33,17.59,51.08,0.0,Middle-temperature overheating
15.3,26.2,21.0,52.8,0.0,Middle-temperature overheating
58.0,290.0,149.0,373.0,0.0,Middle-temperature overheating
13.1,44.7,91.5,213.3,4.2,Middle-temperature overheating
679.0,4992.0,1823.0,3671.0,0.0,Middle-temperature overheating
24.0,27.8,24.4,30.0,0.0,Middle-temperature overheating
33.9,36.5,31.5,39.3,0.0,Middle-temperature overheating
230.0,572.4,343.0,768.9,0.51,Middle-temperature overheating
215.6,255.1,160.2,350.4,0.0,Middle-temperature overheating
0.0,37.0,63.0,58.0,93.0,Middle-temperature overheating
78.0,70.1,294.8,635.8,12.2,Middle-temperature overheating
139.0,714.0,351.0,634.0,0.0,Middle-temperature overheating
40.0,112.9,54.0,185.3,0.3,Middle-temperature overheating
19.0,136.0,55.0,164.0,0.29,Middle-temperature overheating
23.6,170.6,180.4,450.9,0.0,Middle-temperature overheating
22.7,150.3,160.8,400.8,0.0,Middle-temperature overheating
972.0,3411.0,1436.0,1639.0,0.0,Middle-temperature overheating
139.0,345.0,184.0,533.0,0.0,Middle-temperature overheating
70.2,246.6,171.5,371.0,0.0,Middle-temperature overheating
118.0,434.0,228.0,638.0,0.0,Middle-temperature overheating
159.8,438.9,3112.4,644.6,0.38,Middle-temperature overheating
164.0,244.0,103.0,497.0,8.3,High-temperature overheating
172.6,306.6,75.8,367.4,1.9,High-temperature overheating
274.0,376.0,55.0,1002.0,17.0,High-temperature overheating
109.0,431.0,116.0,446.0,0.64,High-temperature overheating
172.9,334.1,172.9,812.5,37.7,High-temperature overheating
25.1,411.91,320.9,1832.8,18.4,High-temperature overheating
56.0,286.0,96.0,928.0,7.0,High-temperature overheating
336.0,419.0,105.0,1074.0,21.0,High-temperature overheating
11.3,24.6,12.7,59.9,2.8,High-temperature overheating
10.86,35.9,17.58,92.53,0.0,High-temperature overheating
73.0,520.0,140.0,1200.0,6.0,High-temperature overheating
86.0,110.0,18.0,92.0,7.4,High-temperature overheating
220.0,340.0,42.0,480.0,14.0,High-temperature overheating
170.0,320.0,53.0,520.0,3.2,High-temperature overheating
116.0,258.0,94.0,466.0,5.0,High-temperature overheating
98.0,252.0,95.0,645.0,23.0,High-temperature overheating
27.4,63.2,32.7,137.8,0.52,High-temperature overheating
2.02,16.82,3.9,77.25,0.0,High-temperature overheating
17.31,21.73,5.83,52.3,2.83,High-temperature overheating
64.0,250.0,145.0,846.0,3.2,High-temperature overheating
12.51,31.68,8.91,45.18,0.27,High-temperature overheating
15.64,35.35,9.74,38.48,0.12,High-temperature overheating
13.0,33.5,9.2,36.7,0.12,High-temperature overheating
2.17,45.59,7.97,43.9,0.04,High-temperature overheating
2.7,41.03,7.82,48.36,0.0,High-temperature overheating
14.08,30.14,7.32,39.15,0.0,High-temperature overheating
14.23,32.05,8.16,42.62,0.07,High-temperature overheating
18.0,23.7,27.1,164.0,6.5,High-temperature overheating
190.0,920.0,410.0,3180.0,15.0,High-temperature overheating
160.0,223.0,45.0,495.0,11.0,High-temperature overheating
130.0,270.0,67.0,500.0,3.0,High-temperature overheating
73.0,520.0,140.0,1230.0,7.0,High-temperature overheating
135.0,466.0,70.0,502.0,9.0,High-temperature overheating
610.0,1200.0,300.0,1800.0,6.0,High-temperature overheating
147.0,766.0,506.0,2078.0,3.1,High-temperature overheating
26.0,88.3,46.0,196.0,0.0,High-temperature overheating
5.49,35.9,28.1,156.0,0.0,High-temperature overheating
12.0,23.0,9.0,98.0,0.0,High-temperature overheating
14.0,29.0,18.0,174.0,0.0,High-temperature overheating
117.0,357.0,92.0,486.0,4.0,High-temperature overheating
18.95,46.97,6.94,61.54,0.0,High-temperature overheating
305.0,904.0,52.0,411.0,0.0,High-temperature overheating
16.0,26.1,7.1,24.4,0.1,High-temperature overheating
32.0,41.6,10.1,120.5,2.61,High-temperature overheating
34.0,48.5,12.9,141.0,3.31,High-temperature overheating
11.0,102.4,57.9,277.6,0.0,High-temperature overheating
24.0,137.0,62.0,329.5,0.0,High-temperature overheating
43.0,50.9,11.6,127.9,2.9,High-temperature overheating
3.76,26.88,7.22,61.8,0.31,High-temperature overheating
16.0,237.0,92.0,470.0,0.0,High-temperature overheating
171.19,628.34,354.87,1619.9,46.26,High-temperature overheating
27.4,63.2,32.7,137.8,0.52,High-temperature overheating
73.38,157.49,35.68,244.65,0.0,High-temperature overheating
58.54,116.04,34.12,175.74,0.72,High-temperature overheating
159.0,212.4,82.4,260.0,0.35,High-temperature overheating
14.42,44.83,3.26,72.63,0.0,High-temperature overheating
152.0,247.3,101.2,313.2,0.35,High-temperature overheating
100.0,106.3,19.3,216.6,14.2,High-temperature overheating
807.55,955.76,518.53,2286.7,65.86,High-temperature overheating
32.61,294.63,141.74,910.82,10.39,High-temperature overheating
28.34,71.41,4.78,131.0,0.0,High-temperature overheating
115.0,332.0,104.0,604.0,2.85,High-temperature overheating
41.0,58.2,25.9,129.8,1.0,High-temperature overheating
94.3,94.7,36.2,163.2,0.0,High-temperature overheating
8.5,14.1,31.7,175.9,0.0,High-temperature overheating
143.0,305.0,721.0,78.0,2.0,High-temperature overheating
26.5,298.0,0.0,69.3,8.6,High-temperature overheating
26.0,21.0,15.0,12.0,1.0,Partial discharge
25.2,1.2,6.5,1.3,0.2,Partial discharge
980.0,73.0,58.0,12.0,0.0,Partial discharge
420.0,37.3,14.9,30.0,0.2,Partial discharge
1198.0,3.2,1.4,3.2,0.5,Partial discharge
83.26,45.32,18.1,36.45,0.26,Partial discharge
195.8,14.5,11.6,2.4,0.7,Partial discharge
565.0,26.5,6.9,2.1,0.0,Partial discharge
625.0,49.0,9.0,7.0,0.6,Partial discharge
2587.2,7.88,4.7,1.4,0.0,Partial discharge
87.27,6.5,5.16,1.07,0.0,Partial discharge
560.0,0.0,0.6,0.7,0.0,Partial discharge
89.99,5.35,1.96,2.7,0.0,Partial discharge
1300.0,110.0,137.0,52.0,22.2,Partial discharge
650.0,53.0,34.0,20.0,0.0,Partial discharge
1565.0,93.0,34.0,47.0,0.0,Partial discharge
1308.0,125.0,112.0,6.0,0.0,Partial discharge
654.0,55.0,34.0,20.0,0.0,Partial discharge
2437.0,115.5,22.6,3.5,0.2,Partial discharge
565.0,93.0,34.0,47.0,0.0,Partial discharge
84.3,8.0,7.2,0.4,0.0,Partial discharge
980.0,73.0,58.0,12.0,0.0,Partial discharge
565.0,93.0,34.0,47.0,2.7,Partial discharge
180.85,0.574,0.234,0.188,0.0,Partial discharge
2073.0,85.6,17.4,2.6,0.0,Partial discharge
568.0,26.5,6.9,2.1,0.0,Partial discharge
279.0,41.0,9.7,42.0,34.0,Partial discharge
3433.0,180.0,34.3,3.4,0.3,Partial discharge
150.0,11.6,50.6,29.0,1.1,Partial discharge
1308.0,125.0,112.0,6.0,0.0,Partial discharge
177.21,13.83,6.6,2.36,0.0,Partial discharge
538.3,12.6,8.67,14.07,0.33,Partial discharge
3433.0,180.0,34.4,3.6,0.4,Partial discharge
181.0,0.6,0.2,0.2,0.0,Partial discharge
189.93,8.74,1.25,0.04,0.04,Partial discharge
242.0,6.0,1.0,4.0,0.0,Partial discharge
30.0,7.4,8.5,1.8,19.0,Spark discharge
14.1,4.0,1.3,1.5,9.5,Spark discharge
29.5,4.5,0.5,3.5,29.1,Spark discharge
78.0,28.0,13.0,29.0,110.0,Spark discharge
30.64,29.84,6.82,16.071,99.0,Spark discharge
68.72,9.05,11.38,1.71,34.88,Spark discharge
225.1,215.9,605.5,88.7,1849.0,Spark discharge
80.0,20.0,6.0,20.0,62.0,Spark discharge
75.0,2.98,0.6,3.57,14.29,Spark discharge
410.0,32.88,2.59,24.76,191.0,Spark discharge
330.2,28.3,2.55,25.98,203.87,Spark discharge
584.67,104.44,9.04,193.0,530.89,Spark discharge
34.45,21.92,3.19,44.96,19.62,Arc discharge
5.12,3.76,0.51,5.28,5.16,Arc discharge
1675.0,650.0,82.0,1006.0,420.0,Arc discharge
121.0,14.0,3.0,29.0,74.0,Arc discharge
181.5,65.0,9.97,107.6,140.83,Arc discharge
200.0,48.0,14.0,117.0,131.0,Arc discharge
43.74,17.02,2.1,26.22,10.92,Arc discharge
217.5,40.0,4.9,51.8,67.5,Arc discharge
40.9,11.9,4.5,69.3,29.0,Arc discharge
56.0,25.0,6.0,85.0,10.0,Arc discharge
143.0,92.0,12.0,133.0,79.0,Arc discharge
162.0,109.0,11.1,201.0,183.0,Arc discharge
35.88,9.3,1.59,15.4,17.66,Arc discharge
56.82,9.86,2.16,11.59,17.97,Arc discharge
940.0,440.0,3.0,530.0,460.0,Arc discharge
980.0,570.0,37.0,480.0,54.0,Arc discharge
420.0,200.0,14.0,230.0,180.0,Arc discharge
328.0,73.0,3.0,73.0,65.0,Arc discharge
60.0,40.0,10.0,110.0,70.0,Arc discharge
57.0,13.0,0.1,11.0,12.0,Arc discharge
44.09,13.64,2.42,20.08,20.21,Arc discharge
150.0,27.0,5.6,65.0,90.0,Arc discharge
335.0,67.0,18.0,143.0,170.0,Arc discharge
250.0,63.0,3.8,66.0,120.0,Arc discharge
293.0,50.0,13.0,115.0,120.0,Arc discharge
443.0,85.0,9.5,103.0,174.0,Arc discharge
379.15,18.1,3.93,25.44,33.13,Arc discharge
20.0,3.9,0.6,4.4,6.3,Arc discharge
138.7,50.8,7.7,55.2,96.0,Arc discharge
248.47,22.84,11.52,63.54,32.17,Arc discharge
647.9,189.9,5.9,164.2,201.4,Arc discharge
512.0,87.0,11.5,163.9,185.21,Arc discharge
23.0,5.9,1.0,3.1,3.62,Arc discharge
207.1,107.16,19.39,136.59,159.65,Arc discharge
1350.3,602.76,46.1,705.61,896.69,Arc discharge
531.0,111.9,22.7,122.5,169.0,Arc discharge
447.6,196.0,33.3,188.6,22.65,Arc discharge
344.1,213.0,18.6,199.9,257.6,Arc discharge
3312.0,38.0,6.5,42.0,54.0,Arc discharge
642.9,195.5,17.9,172.9,197.4,Arc discharge
6785.0,1149.0,251.0,2525.0,3574.4,Arc discharge
602.6,186.0,13.7,190.5,260.7,Arc discharge
256.61,82.87,6.41,82.65,167.5,Arc discharge
176.0,40.0,11.0,71.0,79.0,Arc discharge
2307.0,623.3,26.87,339.32,550.0,Arc discharge
9.71,3.44,0.47,0.48,0.0,Normal
9.76,3.48,0.45,0.51,0.0,Normal
9.73,3.41,0.46,0.46,0.0,Normal
9.52,3.27,0.47,0.52,0.0,Normal
9.57,3.36,0.46,0.47,0.0,Normal
9.53,3.32,0.47,0.48,0.0,Normal
9.57,3.28,0.47,0.52,0.0,Normal
9.61,3.26,0.46,0.52,0.0,Normal
7.35,3.1,0.16,0.53,0.0,Normal
7.39,3.03,0.13,0.58,0.0,Normal
10.0,73.7,18.8,48.6,0.1,Normal
12.0,23.6,7.7,21.4,0.1,Normal
14.16,0.57,0.0,0.27,0.0,Normal
19.19,9.65,3.41,3.89,0.0,Normal
19.18,15.17,3.06,9.9,0.0,Normal
1.04,1.06,0.0,0.77,0.0,Normal
9.8,6.5,0.0,0.8,0.0,Normal
0.024,9.228,1.315,0.271,0.0,Normal
0.0,15.836,1.022,0.33,0.0,Normal
7.3,3.1,0.2,0.4,0.1,Normal
9.5,3.5,0.5,0.5,0.0,Normal
13.216,2.207,0.133,0.35,0.0,Normal
5.272,1.303,0.0,0.07,0.0,Normal
22.685,3.676,0.54,0.55,0.0,Normal
4.8,5.79,0.91,1.23,0.0,Normal
35.6,6.14,0.53,1.43,0.0,Normal
2.0,5.5,0.52,0.81,0.0,Normal
10.87,7.35,0.1,0.78,0.0,Normal
11.55,5.66,0.58,1.02,0.0,Normal
21.45,7.45,0.46,0.86,0.0,Normal
8.7,13.7,6.1,11.9,0.5,Normal
13.7,32.6,18.3,10.3,1.2,Normal
21.2,2.0,0.1,0.3,0.0,Normal
538.9,9.6,0.0,0.0,0.0,Normal
1023.8,0.0,0.0,0.0,0.0,Normal
103.9,0.0,0.0,0.0,0.0,Normal
504.5,51.0,0.0,0.4,0.0,Normal
62.9,26.2,0.0,0.1,0.0,Normal
5.6,3.3,0.4,0.3,0.0,Normal
4.0,4.4,0.0,0.0,0.0,Normal
1.8,2.9,0.0,0.0,0.1,Normal
0.2,13.7,3.7,1.9,0.0,Normal
0.7,9.7,3.4,0.5,0.0,Normal
7.7,1.2,0.1,0.3,0.0,Normal
7.39,1.937,0.171,0.306,0.0,Normal
7.152,2.145,0.037,0.168,0.0,Normal
8.248,2.73,0.199,0.361,0.0,Normal
16.365,32.511,14.32,21.019,0.0,Normal
11.816,50.916,24.568,47.667,0.0,Normal
2.557,8.581,2.843,0.375,0.0,Normal
2.52,7.095,2.579,0.45,0.0,Normal
5.92,2.615,0.388,0.322,0.0,Normal
5.518,5.881,0.805,0.941,0.0,Normal
10.5,4.9,0.3,5.2,0.0,Normal
0.1,4.2,0.0,1.3,0.0,Normal
11.204,3.612,0.388,0.911,0.0,Normal
7.123,3.714,0.266,2.454,0.0,Normal
9.72,3.73,0.713,0.811,0.0,Normal
42.167,12.42,0.832,0.328,0.0,Normal
5.67,2.4,0.0,0.0,0.0,Normal
17.029,12.1,1.158,0.365,0.0,Normal
17.12,9.83,0.91,0.64,0.0,Normal
6.55,8.81,0.99,0.4,0.0,Normal
13.316,19.641,6.892,0.848,0.0,Normal
4.2,4.1,0.4,0.1,0.0,Normal
10.36,18.01,4.6,0.0,1.28,Normal
82.99,6.87,0.46,1.24,0.15,Normal
9.45,9.88,1.87,1.65,0.0,Normal
9.68,75.17,21.5,57.48,0.16,Middle-temperature overheating
18.0,94.2,24.9,70.0,0.1,Middle-temperature overheating
18.7,101.3,28.8,76.02,0.03,Middle-temperature overheating
21.0,98.7,25.7,40.6,0.2,Middle-temperature overheating
184.0,246.0,36.0,24.0,0.0,Middle-temperature overheating
99.0,165.0,576.0,36.0,0.0,Middle-temperature overheating
75.0,432.0,215.0,437.0,0.7,Middle-temperature overheating
232.3,568.3,320.1,689.3,0.54,Middle-temperature overheating
159.3,27.4,6.6,12.3,0.22,Middle-temperature overheating
4.15,187.4,108.3,136.1,0.0,Middle-temperature overheating
145.3,178.3,50.3,23.1,0.0,Middle-temperature overheating
135.1,398.1,258.4,630.2,0.35,Middle-temperature overheating
155.1,132.6,29.5,98.1,0.0,Middle-temperature overheating
134.0,715.3,321.6,633.2,0.0,Middle-temperature overheating
38.3,99.1,41.6,26.9,0.0,Middle-temperature overheating
78.3,256.3,173.4,378.2,0.0,Middle-temperature overheating
15.23,61.32,53.98,81.76,0.0,Middle-temperature overheating
26.8,92.3,48.1,93.4,0.5,Middle-temperature overheating
139.3,715.3,362.3,671.9,0.1,Middle-temperature overheating
69.0,188.5,49.0,175.4,4.5,High-temperature overheating
65.0,181.1,47.4,170.1,4.2,High-temperature overheating
64.0,185.2,47.9,172.7,4.2,High-temperature overheating
69.0,187.2,48.3,172.7,4.8,High-temperature overheating
72.0,194.5,53.2,178.1,5.0,High-temperature overheating
70.0,190.1,52.1,174.6,5.0,High-temperature overheating
64.0,180.1,51.9,172.7,4.8,High-temperature overheating
66.0,178.4,50.1,167.5,4.7,High-temperature overheating
72.0,190.8,51.2,171.0,4.7,High-temperature overheating
62.0,174.2,50.8,167.0,4.6,High-temperature overheating
117.0,193.2,44.3,219.2,1.7,High-temperature overheating
108.0,202.4,56.4,269.3,2.2,High-temperature overheating
121.0,241.8,69.5,326.5,2.4,High-temperature overheating
125.0,241.0,61.9,294.8,2.5,High-temperature overheating
55.4,246.3,95.4,932.1,7.4,High-temperature overheating
223.4,354.2,41.3,466.7,15.3,High-temperature overheating
115.3,137.5,111.0,425.3,28.7,High-temperature overheating
77.5,523.0,142.0,1233.0,5.3,High-temperature overheating
132.3,245.6,96.6,356.4,2.3,High-temperature overheating
7.6,112.0,125.5,702.3,2.6,High-temperature overheating
171.3,298.0,41.3,556.8,8.7,High-temperature overheating
90.99,5.45,2.15,2.7,0.0,Spark discharge
64.1,0.45,0.99,3.14,15.3,Spark discharge
31.3,15.9,2.4,4.21,31.2,Spark discharge
55.32,7.66,4.8,1.33,6.5,Spark discharge
321.0,33.4,35.4,105.2,416.0,Spark discharge
915.3,129.97,6.87,33.1,307.7,Spark discharge
351.4,112.35,28.3,52.5,346.0,Spark discharge
171.2,25.3,7.3,17.0,55.2,Spark discharge
49.5,12.2,3.7,0.3,4.8,Spark discharge
536.1,119.0,28.1,33.6,202.3,Spark discharge
360.5,28.5,2.75,25.66,198.3,Spark discharge
330.1,28.4,2.56,25.34,213.33,Spark discharge
411.3,33.12,2.44,23.77,25.66,Spark discharge
33.1,5.6,13.1,1.5,13.3,Spark discharge
22.5,7.8,6.9,1.5,7.8,Spark discharge
28.8,4.3,0.6,3.45,29.3,Spark discharge
21.4,3.5,1.4,0.88,9.14,Spark discharge
13.9,3.5,1.3,1.5,0.44,Spark discharge
31.2,20.3,3.1,5.0,30.9,Spark discharge
332.0,28.7,2.35,25.66,196.8,Spark discharge
625.1,49.3,9.2,7.0,0.6,Arc discharge
707.3,105.1,11.9,55.0,81.3,Arc discharge
151.0,21.6,1.7,23.0,32.0,Arc discharge
133.0,42.4,21.0,77.8,52.2,Arc discharge
501.3,70.2,9.7,137.8,162.0,Arc discharge
156.1,45.6,19.2,88.0,62.0,Arc discharge
202.0,108.3,19.0,136.0,159.8,Arc discharge
119.0,26.7,11.4,54.6,84.7,Arc discharge
466.5,149.9,13.2,265.0,521.0,Arc discharge
302.3,241.0,15.0,163.2,139.7,Arc discharge
332.0,66.0,17.8,151.1,167.1,Arc discharge
152.1,26.9,37.0,45.7,60.8,Arc discharge
439.7,27.1,22.4,34.9,31.2,Arc discharge
346.3,112.1,28.1,52.6,59.0,Arc discharge
100.0,95.3,21.0,312.0,117.1,Arc discharge
2053.1,372.0,27.0,544.1,765.2,Arc discharge
151.0,86.0,231.3,132.0,36.2,Arc discharge
66.1,21.1,20.0,51.8,95.3,Arc discharge
101.0,62.0,5.0,63.1,77.6,Arc discharge
199.3,47.1,13.3,117.0,133.0,Arc discharge
181.5,0.55,0.32,0.278,0.0,Partial discharge
225.4,18.3,7.8,2.7,0.0,Partial discharge
2087.0,85.3,18.5,2.8,0.0,Partial discharge
2433.0,117.0,23.0,3.2,0.1,Partial discharge
626.1,47.0,8.9,6.1,0.6,Partial discharge
481.5,38.1,31.0,6.7,0.0,Partial discharge
2077.0,86.2,17.8,2.3,0.0,Partial discharge
23.0,9.0,6.4,6.2,0.4,Low-temperature overheating
22.0,3.3,2.1,1.2,0.2,Low-temperature overheating
397.7,901.0,2798.2,1171.9,66.51,Low-temperature overheating
4.32,193.0,125.0,118.0,0.0,Low-temperature overheating
72.0,442.0,461.0,221.0,0.7,Low-temperature overheating
304.0,4336.0,227.0,1606.0,13.8,Low-temperature overheating
64.0,72.0,7.0,103.0,0.0,Low-temperature overheating
125.0,390.3,497.2,201.9,0.69,Low-temperature overheating
16.4,25.0,21.0,11.0,0.0,Low-temperature overheating
39.0,17.0,33.0,138.0,0.0,Low-temperature overheating
14.0,45.0,72.0,34.0,0.0,Low-temperature overheating
350.0,1100.0,270.0,180.0,20.0,Low-temperature overheating
280.0,10.0,25.0,13.0,0.0,Low-temperature overheating
28.0,409.0,692.0,354.0,0.5,Low-temperature overheating
12.0,12.6,96.8,56.6,0.0,Low-temperature overheating
95.32,65.4,255.65,199.06,4.48,Low-temperature overheating
417.0,911.0,1602.0,554.0,1.0,Low-temperature overheating
54.32,68.68,98.44,35.57,0.0,Low-temperature overheating
71.93,289.87,379.03,133.95,0.0,Low-temperature overheating
46.0,76.8,50.2,20.4,0.1,Low-temperature overheating
0.5,38.4,133.4,151.4,0.0,Low-temperature overheating
22.0,10.0,3.4,1.6,0.3,Low-temperature overheating
170.12,508.27,806.03,298.72,0.93,Low-temperature overheating
18.0,27.4,50.6,20.9,0.7,Low-temperature overheating
30.0,71.0,54.0,44.0,0.0,Low-temperature overheating
28.0,100.0,79.0,63.0,0.0,Low-temperature overheating
34.0,171.0,114.0,91.0,0.0,Low-temperature overheating
15.87,38.2,37.25,23.29,0.54,Low-temperature overheating
139.0,345.0,533.0,184.0,0.0,Low-temperature overheating
211.14,769.25,1210.45,465.03,0.0,Low-temperature overheating
56.0,20.0,35.0,8.0,0.6,High-temperature overheating
106.0,59.0,58.0,16.0,1.3,High-temperature overheating
6.7,10.0,71.0,11.0,3.9,High-temperature overheating
134.0,137.0,154.0,13.0,11.0,High-temperature overheating
35.8,30.1,93.6,10.1,7.1,High-temperature overheating
124.0,115.0,190.0,40.0,2.0,High-temperature overheating
82.0,161.0,406.0,79.0,8.9,High-temperature overheating
7.1,76.4,97.0,17.1,0.0,High-temperature overheating
21.0,79.0,419.0,13.0,0.0,High-temperature overheating
79.0,256.0,562.0,132.0,0.0,High-temperature overheating
23.0,61.0,153.0,14.0,4.4,High-temperature overheating
31.0,76.0,137.6,34.5,0.0,High-temperature overheating
24.0,42.0,155.0,3.6,3.5,High-temperature overheating
7.1,76.4,97.0,17.1,0.0,High-temperature overheating
82.0,161.0,406.0,79.0,8.9,High-temperature overheating
34.0,60.0,123.0,11.0,6.0,High-temperature overheating
44.0,64.0,221.0,23.2,0.0,High-temperature overheating
74.0,69.0,133.0,26.0,0.0,High-temperature overheating
23.0,61.0,153.0,14.0,4.4,High-temperature overheating
79.0,256.0,562.0,132.0,0.0,High-temperature overheating
24.0,42.0,155.0,3.6,3.5,High-temperature overheating
31.0,76.0,137.6,34.5,0.0,High-temperature overheating
16.0,237.0,470.0,92.0,0.0,High-temperature overheating
180.0,830.0,1800.0,380.0,24.0,High-temperature overheating
45.0,46.0,99.0,13.0,0.6,High-temperature overheating
15.0,92.0,600.0,166.0,16.0,High-temperature overheating
360.0,1050.0,1300.0,200.0,23.0,High-temperature overheating
28.0,145.7,436.0,113.0,0.0,High-temperature overheating
78.0,201.8,3216.0,275.0,16.0,High-temperature overheating
53.0,137.0,523.0,115.0,6.5,High-temperature overheating
79.0,27.0,45.0,6.8,2.3,High-temperature overheating
112.0,23.66,43.66,8.36,1.18,High-temperature overheating
1430.0,6632.0,5506.0,1779.0,7.0,High-temperature overheating
6.7,10.0,71.0,11.0,3.9,High-temperature overheating
766.0,993.0,665.0,116.0,4.0,High-temperature overheating
124.0,115.0,190.0,40.0,2.0,High-temperature overheating
89.0,10.0,18.0,3.0,0.0,High-temperature overheating
103.0,146.0,284.0,31.0,4.0,High-temperature overheating
205.0,1270.0,1470.0,300.0,12.8,High-temperature overheating
15.0,125.0,574.0,28.7,7.0,High-temperature overheating
39.0,1660.0,2800.0,890.0,0.0,High-temperature overheating
61.8,277.0,263.0,75.0,6.9,High-temperature overheating
43.0,445.9,303.3,64.9,5.1,High-temperature overheating
56.2,381.0,980.0,193.0,11.9,High-temperature overheating
35.7,1600.0,3200.0,550.0,30.5,High-temperature overheating
570.0,740.0,890.0,170.0,9.1,High-temperature overheating
83.0,44.0,470.0,75.0,4.7,High-temperature overheating
64.0,19.0,29.0,3.0,0.5,High-temperature overheating
304.0,433.6,2270.0,160.6,13.8,High-temperature overheating
32.0,158.0,630.0,111.0,12.0,High-temperature overheating
71.0,98.0,84.0,16.0,3.4,High-temperature overheating
64.0,250.0,846.0,146.0,23.0,High-temperature overheating
430.0,2300.0,1960.0,470.0,0.0,High-temperature overheating
31.0,44.0,208.0,46.0,2.5,High-temperature overheating
349.0,4716.0,6805.0,60.0,0.5,High-temperature overheating
56.0,286.0,928.0,96.0,7.2,High-temperature overheating
116.0,833.0,1340.0,160.0,50.4,High-temperature overheating
1080.0,672.0,920.0,232.0,0.5,High-temperature overheating
41.8,97.0,600.0,157.0,0.5,High-temperature overheating
117.0,274.0,278.0,54.0,2.9,High-temperature overheating
318.0,114.0,386.0,52.0,33.0,High-temperature overheating
304.0,1487.0,5314.0,695.0,51.0,High-temperature overheating
140.33,193.62,426.52,82.13,26.98,High-temperature overheating
365.0,1206.4,1658.6,354.4,1.1,High-temperature overheating
14.0,29.0,178.0,18.0,0.0,High-temperature overheating
60.43,101.65,308.85,32.34,1.32,High-temperature overheating
97.0,139.0,501.0,28.0,3.6,High-temperature overheating
1481.6,1507.1,3971.0,281.9,149.5,High-temperature overheating
16.0,23.0,81.0,13.0,0.7,High-temperature overheating
156.0,137.0,360.0,47.0,2.0,High-temperature overheating
34.5,33.3,91.2,6.1,1.08,High-temperature overheating
105.0,67.7,175.5,40.6,1.5,High-temperature overheating
76.51,96.42,155.28,23.48,0.0,High-temperature overheating
115.9,75.8,205.5,26.8,14.7,High-temperature overheating
810.0,283.0,1057.0,138.0,14.2,High-temperature overheating
791.0,390.0,560.0,169.0,12.0,High-temperature overheating
56.0,99.9,248.8,51.4,2.3,High-temperature overheating
141.7,1317.7,2368.4,331.6,31.3,High-temperature overheating
27.4,63.2,137.8,32.7,0.52,High-temperature overheating
207.0,416.0,1345.0,347.0,20.0,High-temperature overheating
236.0,410.0,817.0,159.0,3.5,High-temperature overheating
213.0,344.0,1103.0,71.0,20.0,High-temperature overheating
720.0,1000.0,2500.0,310.0,230.0,High-temperature overheating
36.2,12.6,15.5,4.4,0.0,High-temperature overheating
140.0,240.0,410.0,85.0,1.1,High-temperature overheating
4.0,2.0,24.0,1.0,0.0,High-temperature overheating
32.0,158.0,630.0,111.0,12.0,High-temperature overheating
63.0,196.0,984.0,119.0,13.0,High-temperature overheating
86.0,10.0,92.0,18.0,7.4,High-temperature overheating
89.0,120.0,95.0,19.0,6.7,High-temperature overheating
10.0,1.0,2.0,1.0,0.0,High-temperature overheating
128.0,102.0,314.0,39.0,14.0,High-temperature overheating
318.0,114.0,386.0,52.0,33.0,High-temperature overheating
14.9,13.4,57.2,6.4,2.2,High-temperature overheating
86.3,188.1,397.6,71.4,2.6,High-temperature overheating
4.0,6.3,18.8,3.9,0.8,High-temperature overheating
47.0,72.0,118.8,26.5,1.4,High-temperature overheating
86.4,131.4,182.8,44.7,1.4,High-temperature overheating
91.0,154.3,254.0,54.0,0.9,High-temperature overheating
149.0,367.1,574.1,101.6,1.6,High-temperature overheating
266.6,746.5,1073.0,209.4,1.5,High-temperature overheating
365.0,1206.4,1658.6,354.4,1.1,High-temperature overheating
9880.0,1502.0,638.0,189.0,6.4,High-temperature overheating
19.13,28.61,40.51,3.49,0.0,High-temperature overheating
76.51,96.42,155.28,23.48,0.0,High-temperature overheating
95.42,108.13,193.42,29.2,0.0,High-temperature overheating
34.1,51.8,134.88,20.7,0.0,High-temperature overheating
810.0,283.0,1057.0,138.0,14.2,High-temperature overheating
275.0,508.0,1200.0,133.0,2.5,High-temperature overheating
268.0,562.0,916.0,129.0,15.6,High-temperature overheating
68.0,105.0,235.0,25.0,0.5,High-temperature overheating
48.4,17.5,42.81,6.3,0.39,High-temperature overheating
93.0,33.0,60.0,11.0,0.32,High-temperature overheating
791.0,390.0,560.0,169.0,12.0,High-temperature overheating
56.0,99.9,248.8,51.4,2.3,High-temperature overheating
50.9,122.9,696.5,105.1,1.0,High-temperature overheating
29.9,24.1,151.7,34.3,0.6,High-temperature overheating
34.9,60.8,418.8,68.0,1.4,High-temperature overheating
148.0,239.0,1234.0,113.0,4.0,High-temperature overheating
25.1,411.91,1832.8,320.9,18.4,High-temperature overheating
141.7,1317.7,2368.4,331.6,31.3,High-temperature overheating
95.0,130.0,220.0,55.0,1.2,High-temperature overheating
135.0,230.0,420.0,83.0,1.4,High-temperature overheating
116.33,183.46,386.88,69.67,1.47,High-temperature overheating
186.76,249.83,467.24,104.46,3.61,High-temperature overheating
73.0,118.55,73.29,20.91,0.22,High-temperature overheating
225.3,303.5,376.3,100.1,0.78,High-temperature overheating
416.3,514.8,670.5,189.8,0.76,High-temperature overheating
231.4,357.6,467.1,138.9,0.45,High-temperature overheating
67.9,260.5,375.0,30.1,35.3,High-temperature overheating
147.3,282.5,366.3,31.8,34.3,High-temperature overheating
158.4,320.7,510.9,39.7,47.0,High-temperature overheating
14.6,98.0,204.7,42.2,0.0,High-temperature overheating
32.98,60.11,109.07,19.11,0.65,High-temperature overheating
83.08,160.72,262.04,45.0,1.35,High-temperature overheating
90.41,180.99,306.66,54.54,1.61,High-temperature overheating
51.0,131.0,204.0,49.0,0.0,High-temperature overheating
96.7,165.5,256.3,48.6,0.42,High-temperature overheating
149.6,194.0,378.8,84.9,0.77,High-temperature overheating
349.6,763.8,1969.7,260.9,0.0,High-temperature overheating
75.0,28.8,80.9,7.0,4.8,High-temperature overheating
64.0,53.6,205.8,15.8,5.1,High-temperature overheating
453.0,59.4,32.4,2.8,0.0,High-temperature overheating
9.4,35.1,50.2,7.6,0.92,High-temperature overheating
27.2,32.8,36.4,8.6,2.0,High-temperature overheating
19.24,110.81,181.08,3.38,4.33,High-temperature overheating
24.46,199.74,320.16,72.73,0.97,High-temperature overheating
33.79,304.33,465.49,97.2,1.23,High-temperature overheating
37.48,53.33,84.75,20.17,0.0,High-temperature overheating
58.54,116.04,175.74,34.12,0.72,High-temperature overheating
14.42,44.83,72.63,3.26,0.0,High-temperature overheating
36.74,68.96,101.95,26.45,0.33,High-temperature overheating
36.0,60.5,75.3,16.6,0.0,High-temperature overheating
68.7,118.7,166.7,31.0,0.4,High-temperature overheating
359.0,378.0,664.0,92.0,3.0,High-temperature overheating
529.0,796.0,1384.0,247.0,7.3,High-temperature overheating
618.0,925.0,1588.0,289.0,7.4,High-temperature overheating
228.21,312.28,554.26,72.85,10.21,High-temperature overheating
17.0,67.0,197.0,40.0,0.0,High-temperature overheating
32.0,11.6,39.6,5.0,3.6,High-temperature overheating
21.8,22.0,67.6,5.6,6.7,High-temperature overheating
23.0,698.5,6684.0,1112.2,42.4,High-temperature overheating
27.0,51.6,112.0,21.5,1.2,High-temperature overheating
221.0,440.0,610.5,94.6,3.7,High-temperature overheating
226.9,373.4,391.7,68.3,1.8,High-temperature overheating
43.9,34.2,65.8,9.3,0.8,High-temperature overheating
28.1,53.6,102.4,13.7,0.0,High-temperature overheating
21.0,124.0,183.0,45.0,5.0,High-temperature overheating
23.7,48.2,89.2,15.2,0.0,High-temperature overheating
32.5,122.7,217.2,17.3,0.0,High-temperature overheating
40.2,100.5,253.5,26.3,3.8,High-temperature overheating
87.9,60.6,420.1,38.8,7.9,High-temperature overheating
94.0,190.0,390.0,42.0,1.0,High-temperature overheating
99.1,181.7,539.7,75.2,0.0,High-temperature overheating
248.7,145.2,343.2,50.8,0.0,High-temperature overheating
56.9,138.6,361.1,71.1,0.0,High-temperature overheating
37.8,348.9,786.2,118.3,0.0,High-temperature overheating
24.85,410.53,907.42,149.72,0.0,High-temperature overheating
52.68,494.3,1007.08,163.0,1.59,High-temperature overheating
69.27,192.0,291.0,96.94,0.3,High-temperature overheating
61.0,22.0,104.0,3.8,10.4,High-temperature overheating
26.4,49.8,78.6,13.9,1.0,High-temperature overheating
33.0,60.0,124.0,22.0,2.6,High-temperature overheating
83.4,37.2,112.8,11.7,0.0,High-temperature overheating
2213.0,3920.0,6894.0,782.0,68.7,High-temperature overheating
30.0,62.0,460.0,60.0,3.4,High-temperature overheating
352.0,625.0,1951.0,112.0,132.0,High-temperature overheating
50.0,90.0,260.0,18.0,5.9,High-temperature overheating
48.0,230.0,810.0,160.0,7.0,High-temperature overheating
81.0,130.0,230.0,74.0,2.9,High-temperature overheating
130.0,440.0,730.0,180.0,0.0,High-temperature overheating
170.0,330.0,430.0,77.0,13.0,High-temperature overheating
90.0,160.0,330.0,54.0,29.0,High-temperature overheating
170.0,320.0,520.0,53.0,3.2,High-temperature overheating
171.0,319.0,1297.0,178.0,8.1,High-temperature overheating
77.0,406.0,819.0,59.0,0.0,High-temperature overheating
679.0,2779.0,7026.0,607.0,26.0,High-temperature overheating
438.0,2225.0,4649.0,725.0,24.0,High-temperature overheating
11.0,88.0,250.0,83.0,8.5,High-temperature overheating
220.0,340.0,480.0,42.0,14.0,High-temperature overheating
2406.0,778.0,1464.0,182.0,7.4,High-temperature overheating
380.0,190.0,280.0,30.0,22.0,High-temperature overheating
60.1,114.9,342.1,37.15,3.75,High-temperature overheating
19.0,49.0,100.0,9.5,0.0,High-temperature overheating
52.0,79.0,210.0,19.0,0.0,High-temperature overheating
11.0,29.0,90.0,19.0,0.0,High-temperature overheating
160.0,440.0,870.0,150.0,0.6,High-temperature overheating
350.0,1000.0,1800.0,330.0,3.2,High-temperature overheating
39.0,620.0,1000.0,240.0,0.7,High-temperature overheating
93.0,830.0,1300.0,340.0,0.4,High-temperature overheating
73.0,110.0,190.0,41.0,0.0,High-temperature overheating
140.0,340.0,580.0,120.0,1.1,High-temperature overheating
460.0,520.0,1400.0,350.0,3.8,High-temperature overheating
9.3,11.9,46.7,4.6,0.0,High-temperature overheating
18.3,61.6,90.2,13.2,0.0,High-temperature overheating
122.0,155.7,366.8,27.1,23.2,High-temperature overheating
30.9,38.15,54.66,11.39,0.39,High-temperature overheating
13.4,11.29,122.14,6.96,0.0,High-temperature overheating
64.64,54.21,99.79,14.38,0.0,High-temperature overheating
53.87,91.14,181.64,28.19,0.0,High-temperature overheating
43.6,104.2,177.6,36.9,0.0,High-temperature overheating
173.5,749.3,2675.0,345.5,0.0,High-temperature overheating
166.1,1050.9,2940.6,422.8,0.0,High-temperature overheating
0.21,0.7512,1.2735,0.1578,0.0,High-temperature overheating
571.0,2394.6,3186.9,327.1,53.89,High-temperature overheating
135.6,278.5,492.1,58.8,2.95,High-temperature overheating
0.02,0.0109,0.0559,0.0073,0.0,High-temperature overheating
17.8,7.4,52.3,4.8,0.0,High-temperature overheating
20.3,7.9,49.6,1.6,0.0,High-temperature overheating
16.2,220.0,486.0,50.0,10.6,High-temperature overheating
18.2,103.9,358.6,54.7,4.4,High-temperature overheating
122.5,260.0,688.0,114.3,17.2,High-temperature overheating
87.79,184.98,332.49,81.88,0.0,High-temperature overheating
128.19,383.88,627.65,191.32,0.0,High-temperature overheating
5.15,14.47,26.03,6.82,0.0,High-temperature overheating
29.27,88.88,140.0,46.51,0.0,High-temperature overheating
14.0,224.0,804.0,199.0,0.0,High-temperature overheating
62.81,215.85,947.2,160.9,12.3,High-temperature overheating
228.21,312.28,554.26,72.85,10.21,High-temperature overheating
15.75,124.6,312.59,37.84,16.32,High-temperature overheating
36.29,222.62,503.97,48.97,20.24,High-temperature overheating
9.44,70.74,187.42,33.56,2.53,High-temperature overheating
11.97,212.83,805.18,144.26,19.19,High-temperature overheating
46.6,23.24,20.29,4.37,54.09,Spark discharge
87.6,44.54,88.8,6.56,204.32,Spark discharge
18.78,8.33,20.19,0.93,56.77,Spark discharge
63.6,44.3,30.3,10.2,10.7,Spark discharge
100.0,22.0,26.0,1.6,33.0,Spark discharge
247.5,67.69,84.38,8.52,79.66,Spark discharge
44.0,18.0,23.0,4.0,12.4,Spark discharge
442.0,85.0,103.0,10.0,174.0,Spark discharge
106.0,24.0,28.0,4.0,37.0,Spark discharge
36.0,17.0,13.0,4.0,5.4,Spark discharge
162.0,35.0,30.0,5.6,44.0,Spark discharge
18.0,3.0,3.4,1.0,4.3,Spark discharge
150.0,27.0,63.0,3.6,90.0,Spark discharge
69.0,36.0,51.0,21.0,11.3,Spark discharge
9.6,4.6,2.2,1.0,2.2,Spark discharge
60.1,20.0,9.5,5.5,9.1,Spark discharge
335.0,67.0,143.0,18.0,170.0,Spark discharge
2.2,2.0,3.4,0.58,1.37,Spark discharge
42.0,5.4,6.0,0.85,6.55,Spark discharge
395.0,95.0,179.0,10.0,74.0,Spark discharge
75.0,32.0,23.0,7.5,3.4,Spark discharge
290.0,110.0,47.0,6.8,90.0,Spark discharge
55.0,48.0,71.0,6.0,13.0,Spark discharge
42.4,9.3,28.9,2.9,8.2,Spark discharge
48.3,6.1,9.2,1.7,20.8,Spark discharge
376.0,24.0,25.6,22.0,67.2,Spark discharge
24.92,22.24,12.3,7.49,26.51,Spark discharge
236.0,48.93,47.48,13.3,88.33,Spark discharge
435.8,70.02,51.36,23.06,57.96,Spark discharge
34.46,21.92,44.96,3.19,19.62,Spark discharge
138.8,52.2,62.8,6.77,9.55,Spark discharge
220.0,9.2,2.3,2.4,0.2,Spark discharge
380.0,9.7,2.4,3.1,0.5,Spark discharge
380.0,9.7,2.4,3.1,0.5,Spark discharge
9.0,8.4,30.0,3.7,5.0,Spark discharge
220.0,9.2,2.3,2.4,0.2,Spark discharge
29.0,8.08,3.77,1.21,4.21,Spark discharge
80.0,66.0,177.0,18.0,510.0,Spark discharge
4444.0,65.9,884.6,28.4,373.7,Spark discharge
46.56,23.24,20.29,4.37,54.09,Spark discharge
12.97,5.98,15.23,1.39,16.1,Spark discharge
127.0,107.0,154.0,11.0,224.0,Spark discharge
102.7,16.1,26.9,1.4,26.5,Spark discharge
288.3,224.4,519.4,31.0,888.3,Spark discharge
52.2,26.8,972.6,115.8,355.3,Spark discharge
110.0,51.0,33.0,4.0,57.0,Spark discharge
7500.0,6.8,8.0,3.3,6.9,Spark discharge
980.0,570.0,480.0,37.0,340.0,Spark discharge
420.0,200.0,230.0,14.0,180.0,Spark discharge
80.0,20.0,37.0,6.0,62.0,Spark discharge
190.0,24.0,17.0,7.0,47.0,Spark discharge
49567.0,532.0,97.0,0.0,285.0,Spark discharge
74.0,19.0,29.0,8.0,58.0,Spark discharge
176.0,133.0,216.0,14.0,396.0,Spark discharge
116.0,20.0,27.0,7.0,54.0,Spark discharge
156.0,36.0,69.0,3.0,26.0,Spark discharge
34.46,21.92,44.96,3.19,19.62,Spark discharge
138.8,52.2,62.8,6.77,9.55,Spark discharge
160.0,90.0,17.0,27.0,5.0,Spark discharge
470.0,38.0,51.0,16.0,39.0,Spark discharge
692.0,605.0,1437.0,78.0,2833.0,Spark discharge
470.0,38.0,51.0,16.0,51.0,Spark discharge
156.0,0.5,54.0,0.5,121.0,Spark discharge
52.0,12.0,10.0,13.0,13.0,Spark discharge
93.0,17.0,20.0,5.0,31.0,Spark discharge
171.28,25.44,96.18,28.41,21.16,Spark discharge
176.17,13.86,13.32,8.14,27.57,Spark discharge
197.61,18.66,13.45,14.03,25.56,Spark discharge
228.26,24.21,21.81,19.97,48.57,Spark discharge
356.27,49.15,188.54,48.98,52.16,Spark discharge
90.83,24.08,8.87,5.22,9.07,Spark discharge
136.81,33.18,19.3,7.55,39.56,Spark discharge
54.7,38.2,53.0,5.2,56.6,Spark discharge
20.0,3.5,14.2,0.0,8.8,Spark discharge
232.0,79.6,95.3,12.1,242.0,Spark discharge
20.3,4.6,7.1,0.5,1.9,Spark discharge
39.4,6.7,10.5,1.5,4.8,Spark discharge
56.9,9.5,12.2,1.6,6.5,Spark discharge
23.0,5.8,3.1,1.0,3.62,Spark discharge
441.2,57.9,86.7,9.5,204.9,Spark discharge
32.7,6.9,10.6,0.0,24.7,Spark discharge
349.2,42.4,62.4,4.8,177.5,Spark discharge
40.1,34.4,36.0,7.8,6.6,Spark discharge
322.2,123.26,221.72,10.69,316.29,Spark discharge
14.9,11.8,1.4,4.2,1.6,Spark discharge
288.0,79.0,215.0,0.0,40.0,Spark discharge
725.0,241.0,270.0,21.0,70.0,Spark discharge
802.0,281.0,385.0,32.0,86.0,Spark discharge
271.0,95.0,162.0,22.0,183.0,Spark discharge
130.4,48.8,93.4,16.3,123.4,Spark discharge
13.0,2.3,0.7,1.4,1.9,Spark discharge
40.9,11.9,69.3,4.5,29.0,Spark discharge
33.3,23.3,10.3,12.1,7.6,Spark discharge
31.8,25.0,12.9,8.2,5.7,Spark discharge
415.0,123.0,273.0,15.0,609.0,Spark discharge
67.0,18.0,73.0,13.0,83.0,Spark discharge
39.0,21.0,126.0,50.0,27.0,Spark discharge
152.0,13.0,8.7,0.4,21.0,Spark discharge
71.0,16.0,62.0,3.3,10.0,Spark discharge
39.3,37.1,77.4,11.6,9.3,Spark discharge
17.0,5.2,2.3,1.4,2.4,Spark discharge
103.0,12.0,11.1,3.2,19.6,Spark discharge
1613.0,850.0,1045.0,64.7,1204.0,Spark discharge
60.0,40.0,110.0,9.9,70.0,Spark discharge
440.0,176.0,394.0,15.0,350.0,Spark discharge
160.0,90.0,17.0,27.0,5.8,Spark discharge
611.7,247.0,242.9,27.7,620.6,Spark discharge
876.0,354.0,548.0,85.0,910.0,Spark discharge
508.7,135.3,308.2,22.4,304.0,Spark discharge
260.0,130.0,84.0,29.0,92.0,Spark discharge
117.4,12.5,11.2,3.8,20.3,Spark discharge
186.9,75.6,22.3,38.0,2.8,Spark discharge
42.9,9.5,25.0,1.8,19.1,Spark discharge
37.0,6.8,0.6,5.7,0.3,Spark discharge
12.5,10.3,1.9,2.8,2.7,Spark discharge
29.82,10.5,19.1,2.4,24.3,Spark discharge
192.04,28.05,38.47,2.7,62.55,Spark discharge
120.0,20.0,13.0,4.7,14.0,Spark discharge
260.0,170.0,270.0,35.0,140.0,Spark discharge
56.2,11.3,30.3,5.0,11.2,Spark discharge
123.8,37.3,76.1,9.5,18.6,Spark discharge
12.9,8.5,26.5,0.0,7.2,Spark discharge
626.37,371.94,251.29,11.94,415.18,Spark discharge
612.0,117.44,117.15,14.78,96.68,Spark discharge
110.55,66.52,165.85,25.29,71.16,Spark discharge
32.8,13.5,29.5,3.7,157.0,Arc discharge
112.0,15.4,26.3,2.8,92.0,Arc discharge
102.0,3.9,7.7,0.8,39.2,Arc discharge
81.0,7.3,26.4,6.3,111.0,Arc discharge
334.0,39.9,5.35,47.8,247.6,Arc discharge
5.5,2.7,0.0,9.6,3.8,Arc discharge
15.4,1.64,5.2,0.9,21.6,Arc discharge
29.0,26.3,27.0,1.8,82.4,Arc discharge
24.2,3.2,16.6,3.7,100.6,Arc discharge
20.0,12.0,56.0,1.2,274.0,Arc discharge
154.6,50.9,46.8,3.8,152.8,Arc discharge
161.2,38.4,35.1,4.4,125.4,Arc discharge
120.0,60.0,7.6,2.2,370.0,Arc discharge
120.0,60.0,7.6,2.2,370.0,Arc discharge
145.28,9.22,5.06,12.64,21.25,Arc discharge
292.0,71.4,4.0,10.9,209.8,Arc discharge
361.0,29.56,25.69,2.74,197.01,Arc discharge
4.3,1.0,0.3,0.4,3.2,Arc discharge
96.0,39.9,84.0,13.6,268.3,Arc discharge
304.0,51.4,33.0,15.9,138.3,Arc discharge
1045.0,147.0,285.0,14.0,1680.0,Arc discharge
173.0,74.0,264.0,10.0,1071.0,Arc discharge
10081.0,669.0,493.9,22.8,3977.0,Arc discharge
200.83,59.45,40.48,0.0,150.84,Arc discharge
1.54,15.74,7.02,1.56,0.0,Normal
2.05,7.55,5.48,0.81,0.0,Normal
1.77,14.972,12.725,1.45,0.0,Normal
1.62,16.772,8.072,1.87,0.0,Normal
1.08,8.939,6.788,0.908,0.0,Normal
1.21,21.34,14.92,2.03,0.0,Normal
1.67,15.232,6.891,1.658,0.0,Normal
1.175,8.393,5.124,0.807,0.0,Normal
0.937,16.294,10.436,1.275,0.0,Normal
1.53,10.638,4.623,1.067,0.0,Normal
1.082,9.523,5.469,0.756,0.0,Normal
1.46,5.509,2.96,0.634,0.0,Normal
1.062,6.981,5.016,0.757,0.0,Normal
1.138,10.711,6.701,0.779,0.0,Normal
1.51,6.656,3.481,0.8,0.0,Normal
1.025,4.763,3.44,0.832,0.0,Normal
1.643,14.281,2.188,0.515,0.0,Normal
1.171,6.535,4.767,0.257,0.0,Normal
1.452,18.23,12.277,1.631,0.0,Normal
1.477,13.829,6.424,1.408,0.0,Normal
0.704,3.379,2.688,0.366,0.0,Normal
1.534,15.171,13.173,0.391,0.0,Normal
2.123,7.668,5.12,1.141,0.0,Normal
1.534,5.171,3.173,0.391,0.0,Normal
1.831,14.605,1.913,0.439,0.0,Normal
1.359,9.534,0.928,6.606,0.0,Normal
3.015,13.307,2.547,2.547,0.0,Normal
1.567,12.384,6.094,1.379,0.0,Normal
1.703,11.834,7.37,1.146,0.0,Normal
1.477,16.061,1.936,1.429,0.0,Normal
1.567,9.603,5.526,1.445,0.0,Normal
1.703,10.785,7.297,1.082,0.0,Normal
0.654,15.308,11.281,1.336,0.0,Normal
2.672,9.131,4.872,1.123,0.0,Normal
1.703,9.43,6.53,0.94,0.0,Normal
0.654,11.595,9.483,1.165,0.0,Normal
1.71,8.092,6.519,0.928,0.0,Normal
0.718,12.771,12.2,0.296,0.0,Normal
0.591,15.204,10.927,1.309,0.0,Normal
1.24,13.609,5.611,5.611,0.0,Normal
0.823,12.29,7.26,1.03,0.0,Normal
0.591,11.27,10.05,1.16,0.0,Normal
1.698,13.609,5.611,5.611,0.0,Normal
1.23,13.58,7.59,1.25,0.0,Normal
1.6,12.431,7.802,1.323,0.0,Normal
1.698,22.448,11.326,2.507,0.0,Normal
1.23,11.38,7.3,1.0,0.0,Normal
1.6,17.23,11.65,1.43,0.0,Normal
1.698,13.51,6.73,1.37,0.0,Normal
1.83,16.71,11.99,1.82,0.0,Normal
0.645,8.453,4.734,1.162,0.0,Normal
2.334,13.081,8.834,1.526,0.0,Normal
2.922,13.032,9.004,4.653,0.0,Normal
2.432,13.081,8.834,1.526,0.0,Normal
1.72,16.8,11.58,1.49,0.0,Normal
0.79,15.89,6.43,1.5,0.0,Normal
8.36,12.168,7.828,1.143,0.0,Normal
0.989,16.601,12.22,1.492,0.0,Normal
1.676,13.533,7.242,1.498,0.0,Normal
1.252,10.02,7.655,1.153,0.0,Normal
0.988,13.302,8.236,0.974,0.0,Normal
2.13,7.73,5.54,1.08,0.0,Normal
1.23,7.2,6.08,0.86,0.0,Normal
0.984,13.203,10.9,1.413,0.0,Normal
1.43,9.83,5.64,1.2,0.0,Normal
1.77,13.84,7.62,1.3,0.0,Normal
0.976,10.385,10.006,1.172,0.0,Normal
0.89,12.17,5.18,1.53,0.0,Normal
0.61,12.79,8.77,1.17,0.0,Normal
1.93,9.31,5.37,1.14,0.0,Normal
1.98,8.29,5.87,0.99,0.0,Normal
0.983,10.0,8.67,1.02,0.0,Normal
1.39,11.17,5.19,1.19,0.0,Normal
1.85,13.77,8.1,1.17,0.0,Normal
1.59,12.06,9.45,1.3,0.0,Normal
1.39,10.8,5.13,1.17,0.0,Normal
0.99,12.57,7.29,1.42,0.0,Normal
1.34,14.75,10.78,1.47,0.0,Normal
1.98,12.13,6.07,1.3,0.0,Normal
2.16,12.99,8.22,1.14,0.0,Normal
1.9,17.93,12.36,1.55,0.0,Normal
1.85,14.79,6.21,1.5,0.0,Normal
2.05,13.17,9.86,1.38,0.0,Normal
1.61,16.57,11.76,1.15,0.0,Normal
32.0,10.7,1.5,1.2,0.0,Normal
17.0,2.9,1.4,0.9,0.0,Normal
23.0,3.2,1.7,0.6,0.0,Normal
23.0,3.2,1.5,0.8,0.0,Normal
13.0,4.2,0.4,0.4,0.0,Normal
52.0,30.9,4.8,3.1,0.0,Normal
15.95,14.1,5.03,5.18,0.0,Low-temperature overheating
16.81,14.33,3.94,5.76,0.0,Low-temperature overheating
19.45,17.68,5.15,6.63,0.0,Low-temperature overheating
18.34,14.74,4.25,4.32,0.0,Low-temperature overheating
29.24,28.02,8.47,13.77,0.0,Low-temperature overheating
29.07,20.88,9.46,12.05,0.7,Low-temperature overheating
30.42,21.18,9.03,13.17,0.5,Low-temperature overheating
15.92,13.04,2.69,5.2,0.37,Low-temperature overheating
16.58,13.56,3.24,5.66,0.0,Low-temperature overheating
269.66,638.08,185.16,544.64,0.88,Middle-temperature overheating
27.73,28.43,8.91,11.21,0.0,Middle-temperature overheating
22.2,23.95,8.46,10.38,0.0,Middle-temperature overheating
16.99,25.11,9.94,10.9,0.26,Middle-temperature overheating
20.21,20.54,8.23,10.44,0.59,Middle-temperature overheating
8.72,12.47,2.12,7.85,0.0,High-temperature overheating
14.77,14.06,2.05,7.96,0.0,High-temperature overheating
16.69,30.66,3.1,14.57,0.0,High-temperature overheating
12.81,12.64,1.9,8.13,0.0,High-temperature overheating
19.8,21.37,1.8,13.14,0.0,High-temperature overheating
15.67,17.57,0.6,10.04,0.13,High-temperature overheating
18.27,21.36,1.77,12.09,0.0,High-temperature overheating
16.41,18.88,1.53,10.86,0.0,High-temperature overheating
791.4,40.54,3.49,0.92,0.0,Partial discharge
765.5,39.71,4.32,0.92,0.0,Partial discharge
226.37,16.85,1.24,0.55,0.0,Partial discharge
244.83,15.05,1.55,0.55,0.0,Partial discharge
230.6,12.45,0.87,0.39,0.0,Partial discharge
238.59,12.86,0.77,0.44,0.0,Partial discharge
151.02,13.05,1.89,1.44,0.0,Partial discharge
180.97,11.69,1.59,1.13,0.0,Partial discharge
62.51,3.36,0.61,0.5,0.0,Partial discharge
155.29,12.08,2.21,1.76,0.0,Partial discharge
133.41,9.97,1.5,1.31,0.0,Partial discharge
171.13,5.88,1.67,0.5,0.0,Partial discharge
177.82,7.58,1.64,0.54,0.0,Partial discharge
194.55,8.01,1.53,0.32,0.0,Partial discharge
152.46,4.98,0.74,0.29,0.0,Partial discharge
173.27,7.45,1.89,0.42,0.0,Partial discharge
41.66,3.11,1.13,0.64,0.0,Partial discharge
150.62,7.37,1.48,0.86,0.0,Partial discharge
164.85,8.04,3.91,0.98,0.0,Partial discharge
76.19,6.61,0.54,0.36,0.0,Partial discharge
537.04,59.45,6.57,4.79,0.0,Partial discharge
502.1,40.55,4.06,1.64,0.0,Partial discharge
316.65,35.28,3.65,1.71,0.0,Partial discharge
354.43,38.57,3.6,1.67,0.0,Partial discharge
423.18,30.77,3.03,1.46,0.0,Partial discharge
421.22,30.87,2.73,1.36,0.0,Partial discharge
370.93,33.46,3.28,1.61,0.0,Partial discharge
371.47,30.71,3.98,1.55,0.0,Partial discharge
342.91,30.78,2.7,1.52,0.0,Partial discharge
409.5,24.76,2.94,1.76,0.0,Partial discharge
370.22,21.22,2.46,1.52,0.0,Partial discharge
658.56,21.63,2.61,2.27,0.0,Partial discharge
171.95,17.74,2.19,1.7,0.0,Partial discharge
23346.19,4902.07,1738.49,13587.17,15258.89,Spark discharge
277.39,74.73,8.31,100.04,205.19,Spark discharge
344.27,77.35,8.06,100.45,208.49,Spark discharge
74810.28,7139.15,664.83,13471.28,15150.69,Spark discharge
467.45,135.68,16.14,203.78,441.2,Spark discharge
7775.1,3269.74,146.25,2148.13,5840.55,Spark discharge
121.0,14.0,3.0,29.0,74.0,Arc discharge
207.0,21.08,4.28,67.34,141.9,Arc discharge
300.4,42.14,3.25,43.18,64.71,Arc discharge
14.2,18.1,4.82,0.87,0.0,Normal
12.4,16.1,4.95,0.85,0.0,Normal
13.5,18.0,4.13,0.77,0.0,Normal
13.1,15.6,4.85,0.78,0.0,Normal
13.3,17.7,4.48,0.73,0.0,Normal
12.0,15.4,4.57,0.73,0.0,Normal
12.0,16.1,4.95,0.85,0.0,Normal
12.2,16.8,4.1,0.75,0.0,Normal
12.5,18.5,4.17,0.79,0.0,Normal
12.7,16.4,4.12,0.72,0.0,Normal
12.8,17.0,4.31,0.84,0.0,Normal
13.8,15.5,4.34,0.81,0.0,Normal
11.9,17.6,4.88,0.83,0.0,Normal
12.9,16.2,4.31,0.78,0.0,Normal
13.8,16.6,4.22,0.81,0.0,Normal
12.5,16.0,4.85,0.73,0.0,Normal
11.7,18.6,4.09,0.78,0.0,Normal
12.5,18.1,4.95,0.76,0.0,Normal
11.8,16.3,4.32,0.77,0.0,Normal
12.9,15.6,4.82,0.84,0.0,Normal
13.0,18.2,4.17,0.76,0.0,Normal
12.1,16.1,4.86,0.86,0.0,Normal
12.0,17.4,4.18,0.81,0.0,Normal
13.3,17.8,4.19,0.83,0.0,Normal
13.8,16.3,4.3,0.78,0.0,Normal
13.1,17.2,4.53,0.87,0.0,Normal
13.4,17.1,4.34,0.88,0.0,Normal
12.4,16.0,4.67,0.87,0.0,Normal
12.9,15.3,4.13,0.74,0.0,Normal
12.7,15.6,4.4,0.82,0.0,Normal
13.2,18.5,4.66,0.83,0.0,Normal
14.2,17.3,4.06,0.82,0.0,Normal
12.3,15.7,4.69,0.81,0.0,Normal
12.0,18.2,4.73,0.74,0.0,Normal
12.7,15.6,4.4,0.82,0.0,Normal
12.1,16.4,4.93,0.75,0.0,Normal
12.1,15.9,4.06,0.73,0.0,Normal
13.8,17.3,4.45,0.83,0.0,Normal
13.1,17.3,4.95,0.76,0.0,Normal
12.5,16.8,4.55,0.79,0.0,Normal
13.9,16.8,4.21,0.77,0.0,Normal
11.9,17.1,4.38,0.8,0.0,Normal
13.5,17.9,4.64,0.87,0.0,Normal
12.7,18.4,4.8,0.75,0.0,Normal
13.9,15.4,4.26,0.81,0.0,Normal
12.5,17.8,4.37,0.8,0.0,Normal
13.1,15.9,4.24,0.81,0.0,Normal
13.1,15.9,4.24,0.81,0.0,Normal
13.1,15.9,4.24,0.81,0.0,Normal
11.7,17.4,4.08,0.76,0.0,Normal
13.3,15.6,4.92,0.81,0.0,Normal
13.0,16.3,4.31,0.8,0.0,Normal
13.7,15.9,4.79,0.81,0.0,Normal
13.9,17.5,4.86,0.73,0.0,Normal
13.5,15.8,4.79,0.77,0.0,Normal
13.3,16.1,4.39,0.79,0.0,Normal
12.5,18.5,4.15,0.78,0.0,Normal
12.4,15.9,4.25,0.75,0.0,Normal
13.2,17.3,4.78,0.8,0.0,Normal
12.2,16.6,4.71,0.83,0.0,Normal
13.3,17.8,4.19,0.73,0.0,Normal
14.1,15.4,4.23,0.87,0.0,Normal
13.1,16.8,4.35,0.82,0.0,Normal
11.8,17.4,4.37,0.86,0.0,Normal
12.2,16.6,4.36,0.78,0.0,Normal
12.2,16.6,4.71,0.83,0.0,Normal
11.9,18.4,4.35,0.73,0.0,Normal
13.4,16.9,4.55,0.78,0.0,Normal
13.8,16.6,4.45,0.86,0.0,Normal
13.8,18.1,4.46,0.83,0.0,Normal
13.3,16.3,4.43,0.86,0.0,Normal
13.6,16.0,4.13,0.75,0.0,Normal
12.3,18.4,4.75,0.8,0.0,Normal
12.8,17.2,4.93,0.8,0.0,Normal
11.9,18.0,4.95,0.83,0.0,Normal
12.3,17.3,4.31,0.87,0.0,Normal
13.5,17.1,4.66,0.84,0.0,Normal
11.7,16.2,4.21,0.84,0.0,Normal
12.4,16.6,4.92,0.81,0.0,Normal
12.7,16.8,4.92,0.78,0.0,Normal
13.1,17.5,4.74,0.76,0.0,Normal
13.5,17.7,4.4,0.75,0.0,Normal
13.1,18.3,4.75,0.84,0.0,Normal
14.0,18.6,4.67,0.76,0.0,Normal
13.8,18.2,4.7,0.74,0.0,Normal
12.7,18.4,4.94,0.74,0.0,Normal
12.8,16.8,4.74,0.81,0.0,Normal
12.1,17.0,4.93,0.79,0.0,Normal
12.4,15.4,4.48,0.83,0.0,Normal
14.1,17.5,4.15,0.77,0.0,Normal
12.0,15.7,4.08,0.83,0.0,Normal
12.2,17.7,4.31,0.83,0.0,Normal
12.5,15.4,4.39,0.84,0.0,Normal
12.5,15.6,4.13,0.75,0.0,Normal
12.6,18.2,4.79,0.84,0.0,Normal
13.4,18.2,4.23,0.86,0.0,Normal
12.9,18.3,4.61,0.76,0.0,Normal
13.4,18.1,4.9,0.79,0.0,Normal
13.4,16.9,4.07,0.82,0.0,Normal
12.0,15.3,4.72,0.81,0.0,Normal
12.6,18.1,4.18,0.76,0.0,Normal
13.9,18.0,4.84,0.86,0.0,Normal
12.4,16.4,4.58,0.84,0.0,Normal
11.7,17.2,4.71,0.78,0.0,Normal
13.3,16.0,4.85,0.73,0.0,Normal
14.0,15.6,4.45,0.74,0.0,Normal
14.1,17.5,4.15,0.77,0.0,Normal
12.0,15.7,4.08,0.83,0.0,Normal
13.4,17.0,4.9,0.79,0.0,Normal
11.7,16.1,4.44,0.79,0.0,Normal
12.7,18.3,4.56,0.73,0.0,Normal
13.2,16.9,4.06,0.82,0.0,Normal
13.6,18.1,4.72,0.74,0.0,Normal
12.6,17.1,4.3,0.78,0.0,Normal
14.1,15.7,4.74,0.78,0.0,Normal
12.8,15.8,4.09,0.77,0.0,Normal
14.0,17.4,4.85,0.79,0.0,Normal
13.0,16.6,4.65,0.77,0.0,Normal
12.6,16.6,4.14,0.87,0.0,Normal
13.7,16.5,4.73,0.78,0.0,Normal
11.9,16.9,4.16,0.84,0.0,Normal
14.1,17.6,4.38,0.79,0.0,Normal
13.9,18.4,4.21,0.82,0.0,Normal
14.2,15.3,4.76,0.78,0.0,Normal
12.1,15.6,4.87,0.81,0.0,Normal
12.8,15.8,4.09,0.77,0.0,Normal
12.1,15.8,4.57,0.78,0.0,Normal
13.1,15.6,4.88,0.81,0.0,Normal
11.9,16.3,4.4,0.72,0.0,Normal
12.5,18.7,4.49,0.87,0.0,Normal
14.1,17.1,4.81,0.81,0.0,Normal
13.2,15.6,4.47,0.77,0.0,Normal
12.9,18.2,4.91,0.84,0.0,Normal
11.9,16.9,4.25,0.81,0.0,Normal
13.1,15.8,4.65,0.88,0.0,Normal
12.7,17.8,4.7,0.74,0.0,Normal
12.3,18.1,4.67,0.83,0.0,Normal
11.9,16.0,4.38,0.88,0.0,Normal
13.5,15.4,4.88,0.8,0.0,Normal
14.0,16.5,4.84,0.83,0.0,Normal
14.1,15.4,4.81,0.83,0.0,Normal
14.0,18.7,4.19,0.88,0.0,Normal
11.7,16.5,4.12,0.85,0.0,Normal
13.4,17.5,4.12,0.86,0.0,Normal
12.6,16.7,4.39,0.72,0.0,Normal
12.6,16.7,4.39,0.72,0.0,Normal
12.7,17.2,4.69,0.81,0.0,Normal
12.7,17.2,4.69,0.81,0.0,Normal
12.6,16.7,4.39,0.72,0.0,Normal
12.6,16.7,4.39,0.72,0.0,Normal
13.5,17.7,4.22,0.73,0.0,Normal
12.7,17.9,4.14,0.83,0.0,Normal
13.5,15.3,4.32,0.84,0.0,Normal
12.7,15.6,4.59,0.79,0.0,Normal
12.5,16.6,4.28,0.81,0.0,Normal
13.4,16.7,4.15,0.73,0.0,Normal
12.4,15.8,4.08,0.77,0.0,Normal
12.2,17.7,4.67,0.88,0.0,Normal
12.7,17.2,4.69,0.81,0.0,Normal
13.1,16.3,4.32,0.72,0.0,Normal
11.7,18.6,4.54,0.74,0.0,Normal
12.7,17.8,4.33,0.75,0.0,Normal
12.0,17.2,4.5,0.73,0.0,Normal
12.6,17.1,4.13,0.78,0.0,Normal
13.6,16.6,4.31,0.78,0.0,Normal
13.3,16.9,4.59,0.73,0.0,Normal
12.3,17.0,4.51,0.83,0.0,Normal
11.7,18.4,4.09,0.82,0.0,Normal
12.3,17.0,4.51,0.83,0.0,Normal
11.9,15.7,4.28,0.82,0.0,Normal
11.8,18.6,4.69,0.76,0.0,Normal
12.0,17.8,4.3,0.78,0.0,Normal
12.8,15.6,4.74,0.73,0.0,Normal
12.1,17.0,4.85,0.87,0.0,Normal
13.2,16.3,4.55,0.87,0.0,Normal
12.7,18.6,4.43,0.74,0.0,Normal
13.6,18.1,4.27,0.78,0.0,Normal
13.6,16.7,4.47,0.83,0.0,Normal
13.3,16.4,4.29,0.88,0.0,Normal
12.6,17.2,4.74,0.86,0.0,Normal
12.9,17.8,4.34,0.83,0.0,Normal
11.8,18.6,4.86,0.87,0.0,Normal
12.9,16.2,4.58,0.86,0.0,Normal
12.8,17.1,4.63,0.82,0.0,Normal
13.9,17.1,4.48,0.77,0.0,Normal
11.7,18.4,4.09,0.82,0.0,Normal
11.8,15.8,4.62,0.72,0.0,Normal
12.2,16.5,4.1,0.74,0.0,Normal
12.3,15.5,4.24,0.81,0.0,Normal
13.3,16.6,4.34,0.81,0.0,Normal
11.7,17.7,4.54,0.83,0.0,Normal
12.9,17.2,4.83,0.81,0.0,Normal
11.7,17.7,4.83,0.85,0.0,Normal
13.8,15.7,4.15,0.74,0.0,Normal
13.2,16.7,4.29,0.83,0.0,Normal
12.2,17.3,4.74,0.8,0.0,Normal
13.6,17.8,4.95,0.87,0.0,Normal
12.2,16.1,4.2,0.85,0.0,Normal
12.2,18.0,4.16,0.82,0.0,Normal
13.0,18.0,4.18,0.87,0.0,Normal
12.8,16.8,4.5,0.84,0.0,Normal
12.4,16.4,4.84,0.86,0.0,Normal
13.0,18.6,4.4,0.85,0.0,Normal
12.7,15.4,4.51,0.76,0.0,Normal
14.0,16.2,4.94,0.82,0.0,Normal
12.1,15.9,4.55,0.88,0.0,Normal
14.0,17.8,4.34,0.8,0.0,Normal
12.8,17.9,4.78,0.84,0.0,Normal
13.6,16.0,4.43,0.77,0.0,Normal
11.8,16.3,4.27,0.81,0.0,Normal
13.7,17.5,4.33,0.82,0.0,Normal
13.9,18.3,4.88,0.81,0.0,Normal
12.0,17.0,4.09,0.73,0.0,Normal
13.0,18.6,4.42,0.88,0.0,Normal
13.3,18.0,4.44,0.87,0.0,Normal
11.8,16.2,4.15,0.79,0.0,Normal
12.7,17.4,4.1,0.84,0.0,Normal
12.6,18.1,4.17,0.76,0.0,Normal
12.2,17.9,4.22,0.74,0.0,Normal
12.4,18.1,4.25,0.73,0.0,Normal
13.6,18.0,4.62,0.73,0.0,Normal
11.7,18.3,4.3,0.85,0.0,Normal
11.9,16.2,4.52,0.86,0.0,Normal
12.6,15.7,4.39,0.79,0.0,Normal
13.6,18.0,4.64,0.73,0.0,Normal
13.2,17.7,4.31,0.87,0.0,Normal
12.2,16.6,4.82,0.74,0.0,Normal
14.2,18.4,4.86,0.82,0.0,Normal
12.4,16.7,4.48,0.8,0.0,Normal
13.6,15.7,4.75,0.73,0.0,Normal
13.7,18.1,4.24,0.84,0.0,Normal
12.6,18.4,4.71,0.86,0.0,Normal
13.8,16.4,4.19,0.74,0.0,Normal
13.5,15.7,4.4,0.76,0.0,Normal
13.6,17.2,4.18,0.88,0.0,Normal
12.3,17.2,4.32,0.77,0.0,Normal
13.4,16.1,4.21,0.82,0.0,Normal
12.4,16.4,4.87,0.86,0.0,Normal
13.3,16.0,4.06,0.86,0.0,Normal
14.2,18.0,4.5,0.73,0.0,Normal
12.9,15.8,4.75,0.77,0.0,Normal
13.1,17.1,4.07,0.78,0.0,Normal
11.9,17.6,4.12,0.85,0.0,Normal
12.6,17.7,4.72,0.83,0.0,Normal
12.7,15.3,4.44,0.84,0.0,Normal
13.5,18.4,4.41,0.73,0.0,Normal
13.9,16.9,4.49,0.73,0.0,Normal
13.9,15.6,4.45,0.82,0.0,Normal
13.6,15.4,4.33,0.86,0.0,Normal
13.3,16.9,4.56,0.72,0.0,Normal
12.6,16.6,4.27,0.79,0.0,Normal
12.3,18.3,4.34,0.85,0.0,Normal
14.2,16.6,4.8,0.74,0.0,Normal
13.1,15.4,4.37,0.81,0.0,Normal
11.7,18.5,4.63,0.77,0.0,Normal
12.8,18.1,4.47,0.86,0.0,Normal
14.1,16.6,4.69,0.85,0.0,Normal
13.3,16.9,4.93,0.77,0.0,Normal
11.9,17.5,4.47,0.87,0.0,Normal
13.6,17.4,4.21,0.78,0.0,Normal
13.1,16.8,4.09,0.8,0.0,Normal
13.2,18.4,4.12,0.79,0.0,Normal
13.7,16.6,4.17,0.86,0.0,Normal
13.0,17.9,4.24,0.72,0.0,Normal
13.7,15.3,4.9,0.86,0.0,Normal
12.6,17.4,4.46,0.72,0.0,Normal
9.3,18.6,5.69,0.7,0.0,Normal
9.42,17.0,5.56,0.66,0.0,Normal
9.7,17.4,5.83,0.74,0.0,Normal
9.14,18.4,5.31,0.71,0.0,Normal
9.59,17.2,5.09,0.65,0.0,Normal
9.1,17.2,5.15,0.75,0.0,Normal
8.55,15.3,5.25,0.65,0.0,Normal
8.32,16.9,5.24,0.67,0.0,Normal
9.85,17.0,5.59,0.66,0.0,Normal
8.39,17.2,6.01,0.66,0.0,Normal
9.39,17.3,5.65,0.71,0.0,Normal
8.41,17.5,5.21,0.68,0.0,Normal
9.67,18.4,5.22,0.72,0.0,Normal
9.06,17.8,6.13,0.64,0.0,Normal
8.78,17.4,5.86,0.7,0.0,Normal
8.18,16.8,5.65,0.76,0.0,Normal
8.48,17.8,5.18,0.73,0.0,Normal
8.92,17.1,5.92,0.66,0.0,Normal
8.96,16.5,6.06,0.63,0.0,Normal
8.14,15.6,6.08,0.73,0.0,Normal
8.73,17.2,6.16,0.65,0.0,Normal
8.7,16.8,6.15,0.7,0.0,Normal
8.17,16.0,6.09,0.69,0.0,Normal
9.57,18.5,5.34,0.71,0.0,Normal
8.53,18.5,5.52,0.7,0.0,Normal
8.39,16.4,5.32,0.72,0.0,Normal
9.35,16.0,5.49,0.74,0.0,Normal
9.76,17.0,5.71,0.65,0.0,Normal
9.8,15.9,5.93,0.74,0.0,Normal
12.8,18.2,4.22,0.72,0.0,Normal
12.6,17.5,4.69,0.74,0.0,Normal
13.8,16.3,4.51,0.74,0.0,Normal
12.9,17.8,4.91,0.79,0.0,Normal
14.1,16.2,4.75,0.77,0.0,Normal
12.2,17.2,4.39,0.82,0.0,Normal
13.1,17.9,4.5,0.74,0.0,Normal
13.7,17.9,4.34,0.77,0.0,Normal
14.1,16.2,4.94,0.74,0.0,Normal
11.7,16.1,4.56,0.78,0.0,Normal
14.1,15.7,4.45,0.76,0.0,Normal
12.4,17.7,4.79,0.8,0.0,Normal
12.6,16.8,4.76,0.75,0.0,Normal
14.0,17.3,4.75,0.77,0.0,Normal
12.1,16.0,4.28,0.8,0.0,Normal
12.8,17.3,4.7,0.77,0.0,Normal
11.7,16.4,4.62,0.73,0.0,Normal
14.2,18.5,4.32,0.75,0.0,Normal
14.0,15.7,4.55,0.76,0.0,Normal
13.6,16.4,4.42,0.87,0.0,Normal
13.0,15.9,4.1,0.87,0.0,Normal
12.3,18.0,4.67,0.73,0.0,Normal
13.5,16.2,4.73,0.77,0.0,Normal
12.8,16.8,4.85,0.72,0.0,Normal
13.0,15.6,4.75,0.79,0.0,Normal
12.7,15.5,4.71,0.82,0.0,Normal
12.0,16.0,4.37,0.79,0.0,Normal
13.9,17.6,4.36,0.84,0.0,Normal
13.1,17.7,4.09,0.82,0.0,Normal
13.3,17.6,4.62,0.81,0.0,Normal
14.0,15.7,4.27,0.74,0.0,Normal
14.1,17.3,4.66,0.78,0.0,Normal
11.8,18.0,4.55,0.73,0.0,Normal
13.6,16.4,4.42,0.87,0.0,Normal
12.7,17.8,4.37,0.8,0.0,Normal
13.2,17.7,4.95,0.79,0.0,Normal
14.3,16.9,4.6,0.8,0.0,Normal
11.8,17.7,4.62,0.78,0.0,Normal
13.9,15.4,4.76,0.8,0.0,Normal
12.5,16.7,4.86,0.79,0.0,Normal
14.0,15.7,4.2,0.77,0.0,Normal
13.2,18.2,4.35,0.8,0.0,Normal
13.8,17.6,4.57,0.75,0.0,Normal
14.1,17.4,4.91,0.73,0.0,Normal
12.7,15.7,4.63,0.84,0.0,Normal
13.3,18.6,4.45,0.74,0.0,Normal
13.9,18.4,4.5,0.76,0.0,Normal
12.3,15.7,4.86,0.75,0.0,Normal
13.9,17.6,4.13,0.77,0.0,Normal
13.0,18.4,4.9,0.8,0.0,Normal
13.2,15.9,4.53,0.82,0.0,Normal
12.2,17.7,4.16,0.79,0.0,Normal
13.2,15.9,4.53,0.82,0.0,Normal
12.7,17.1,4.4,0.77,0.0,Normal
13.2,16.5,4.57,0.86,0.0,Normal
11.9,16.4,4.56,0.76,0.0,Normal
13.5,18.0,4.75,0.73,0.0,Normal
11.9,18.4,4.17,0.79,0.0,Normal
13.9,16.0,4.13,0.83,0.0,Normal
11.9,18.2,4.74,0.82,0.0,Normal
13.1,16.2,4.83,0.77,0.0,Normal
13.9,15.9,4.29,0.81,0.0,Normal
12.6,17.4,4.25,0.86,0.0,Normal
12.1,16.8,4.27,0.87,0.0,Normal
13.1,18.1,4.16,0.73,0.0,Normal
14.2,16.9,4.18,0.77,0.0,Normal
13.2,16.4,4.84,0.83,0.0,Normal
13.6,15.9,4.91,0.87,0.0,Normal
12.3,16.1,4.46,0.84,0.0,Normal
13.9,18.6,4.57,0.77,0.0,Normal
14.1,18.0,4.61,0.78,0.0,Normal
12.4,15.4,4.57,0.81,0.0,Normal
12.3,18.5,4.31,0.78,0.0,Normal
12.3,16.1,4.46,0.84,0.0,Normal
13.6,15.6,4.22,0.77,0.0,Normal
11.9,17.0,4.68,0.87,0.0,Normal
13.9,15.9,4.29,0.81,0.0,Normal
13.9,18.6,4.57,0.77,0.0,Normal
11.9,15.9,4.31,0.8,0.0,Normal
12.9,16.9,4.13,0.77,0.0,Normal
12.2,17.3,4.94,0.87,0.0,Normal
13.6,18.5,4.35,0.78,0.0,Normal
13.6,16.9,4.15,0.77,0.0,Normal
14.0,18.5,4.55,0.72,0.0,Normal
13.6,18.6,4.83,0.87,0.0,Normal
12.5,17.5,4.28,0.74,0.0,Normal
12.3,17.5,4.44,0.85,0.0,Normal
12.7,17.5,4.18,0.75,0.0,Normal
13.0,17.2,4.58,0.75,0.0,Normal
13.7,17.3,4.54,0.8,0.0,Normal
13.1,17.4,4.8,0.77,0.0,Normal
12.0,17.5,4.16,0.75,0.0,Normal
13.2,18.4,4.14,0.79,0.0,Normal
13.4,17.1,4.3,0.77,0.0,Normal
11.8,15.5,4.76,0.82,0.0,Normal
12.7,16.8,4.3,0.87,0.0,Normal
13.4,16.3,4.65,0.84,0.0,Normal
13.9,17.0,4.65,0.87,0.0,Normal
13.0,16.1,4.67,0.81,0.0,Normal
12.9,16.6,4.34,0.83,0.0,Normal
13.0,16.1,4.67,0.81,0.0,Normal
13.8,16.4,4.86,0.83,0.0,Normal
13.3,18.3,4.76,0.84,0.0,Normal
12.2,17.3,4.17,0.79,0.0,Normal
12.4,16.5,4.41,0.78,0.0,Normal
12.2,17.3,4.17,0.79,0.0,Normal
13.9,16.3,4.42,0.85,0.0,Normal
13.9,16.6,4.86,0.79,0.0,Normal
13.7,15.4,4.65,0.83,0.0,Normal
12.5,15.5,4.92,0.73,0.0,Normal
12.9,17.3,4.7,0.75,0.0,Normal
12.4,15.5,4.45,0.77,0.0,Normal
13.6,17.8,4.94,0.87,0.0,Normal
13.7,15.9,4.66,0.88,0.0,Normal
14.2,16.8,4.09,0.85,0.0,Normal
14.3,16.0,4.72,0.86,0.0,Normal
13.8,17.1,4.17,0.83,0.0,Normal
12.7,17.2,4.49,0.76,0.0,Normal
12.5,17.1,4.57,0.79,0.0,Normal
13.8,17.6,4.45,0.84,0.0,Normal
12.3,18.4,4.87,0.88,0.0,Normal
13.7,18.2,4.77,0.79,0.0,Normal
13.4,17.7,4.2,0.87,0.0,Normal
13.4,15.4,4.1,0.82,0.0,Normal
14.0,18.4,4.94,0.8,0.0,Normal
12.7,15.6,4.82,0.84,0.0,Normal
12.8,17.3,4.6,0.86,0.0,Normal
14.0,18.6,4.95,0.78,0.0,Normal
12.9,18.4,4.4,0.73,0.0,Normal
12.7,15.3,4.66,0.75,0.0,Normal
12.8,16.1,4.3,0.82,0.0,Normal
13.7,15.8,4.48,0.83,0.0,Normal
12.7,16.4,4.63,0.87,0.0,Normal
12.4,17.9,4.46,0.88,0.0,Normal
13.0,16.1,4.32,0.76,0.0,Normal
14.0,16.5,4.87,0.77,0.0,Normal
14.0,16.5,4.52,0.79,0.0,Normal
13.6,18.3,4.83,0.78,0.0,Normal
13.5,16.6,4.64,0.85,0.0,Normal
14.1,15.5,4.36,0.73,0.0,Normal
13.0,16.3,4.62,0.74,0.0,Normal
13.7,16.1,4.44,0.81,0.0,Normal
14.2,15.5,4.57,0.77,0.0,Normal
11.8,16.9,4.27,0.74,0.0,Normal
12.4,16.4,4.1,0.8,0.0,Normal
11.8,17.8,4.57,0.85,0.0,Normal
12.8,15.4,4.77,0.85,0.0,Normal
13.1,18.4,4.15,0.82,0.0,Normal
13.2,17.5,4.13,0.86,0.0,Normal
13.1,16.3,4.73,0.74,0.0,Normal
12.3,15.8,4.29,0.76,0.0,Normal
12.3,18.0,4.56,0.81,0.0,Normal
14.0,17.5,4.92,0.76,0.0,Normal
12.5,16.1,4.83,0.83,0.0,Normal
13.0,15.4,4.41,0.76,0.0,Normal
12.2,16.3,4.95,0.73,0.0,Normal
13.4,17.3,4.16,0.82,0.0,Normal
12.2,16.3,4.95,0.73,0.0,Normal
13.4,17.0,4.53,0.72,0.0,Normal
12.7,17.1,4.17,0.78,0.0,Normal
12.9,17.8,4.72,0.84,0.0,Normal
14.0,16.4,4.36,0.84,0.0,Normal
12.2,16.6,4.75,0.77,0.0,Normal
12.1,17.4,4.89,0.87,0.0,Normal
12.4,16.3,4.8,0.73,0.0,Normal
12.7,17.5,4.71,0.76,0.0,Normal
11.8,17.4,4.58,0.83,0.0,Normal
14.3,16.2,4.36,0.86,0.0,Normal
12.8,15.4,4.77,0.85,0.0,Normal
12.1,15.8,4.65,0.8,0.0,Normal
13.5,15.3,4.4,0.87,0.0,Normal
14.2,17.8,4.57,0.85,0.0,Normal
12.6,18.4,4.3,0.84,0.0,Normal
11.9,17.0,4.68,0.87,0.0,Normal
14.1,17.7,4.46,0.86,0.0,Normal
12.0,17.9,4.88,0.83,0.0,Normal
12.0,15.3,4.66,0.86,0.0,Normal
13.8,16.1,4.51,0.84,0.0,Normal
13.4,18.7,4.78,0.86,0.0,Normal
14.1,16.3,4.46,0.85,0.0,Normal
13.9,15.9,4.82,0.82,0.0,Normal
12.9,15.9,4.8,0.76,0.0,Normal
14.1,16.3,4.46,0.85,0.0,Normal
13.4,17.2,4.6,0.83,0.0,Normal
12.2,17.8,4.85,0.87,0.0,Normal
13.4,17.6,4.13,0.8,0.0,Normal
14.2,15.6,4.77,0.76,0.0,Normal
11.9,15.7,4.64,0.81,0.0,Normal
11.7,17.1,4.77,0.87,0.0,Normal
13.7,18.4,4.61,0.83,0.0,Normal
13.1,16.3,4.82,0.81,0.0,Normal
13.9,17.7,4.66,0.75,0.0,Normal
11.9,16.3,4.94,0.81,0.0,Normal
14.2,18.5,4.68,0.82,0.0,Normal
11.8,16.5,4.27,0.87,0.0,Normal
13.8,18.3,4.57,0.79,0.0,Normal
12.1,18.3,4.53,0.73,0.0,Normal
13.8,16.9,4.51,0.83,0.0,Normal
13.5,16.6,4.64,0.85,0.0,Normal
12.4,15.6,4.6,0.87,0.0,Normal
12.3,18.2,4.26,0.77,0.0,Normal
11.7,16.8,4.8,0.73,0.0,Normal
12.9,17.5,4.18,0.81,0.0,Normal
12.9,15.9,4.15,0.84,0.0,Normal
13.0,17.6,4.41,0.84,0.0,Normal
12.1,16.2,4.94,0.87,0.0,Normal
12.5,16.6,4.6,0.85,0.0,Normal
14.1,16.4,4.25,0.77,0.0,Normal
12.6,15.8,4.86,0.77,0.0,Normal
12.8,18.0,4.43,0.79,0.0,Normal
12.3,18.6,4.2,0.83,0.0,Normal
11.8,18.7,4.75,0.73,0.0,Normal
13.6,16.4,4.35,0.74,0.0,Normal
12.6,18.3,4.41,0.87,0.0,Normal
13.6,16.4,4.35,0.74,0.0,Normal
14.2,15.7,4.58,0.86,0.0,Normal
13.4,18.0,4.74,0.75,0.0,Normal
14.2,17.2,4.93,0.83,0.0,Normal
13.6,16.0,4.27,0.85,0.0,Normal
12.3,16.1,4.51,0.81,0.0,Normal
13.2,15.9,4.77,0.74,0.0,Normal
12.2,15.3,4.06,0.88,0.0,Normal
13.1,16.1,4.44,0.82,0.0,Normal
11.9,17.5,4.12,0.75,0.0,Normal
13.0,17.4,4.67,0.77,0.0,Normal
12.1,16.9,4.07,0.77,0.0,Normal
12.6,18.1,4.81,0.74,0.0,Normal
